original,nuestro
rph_ID,rph_id
idhogar,idhogar
Conglomerado,conglomerado
VarStrat,var_strat
Fact_Pers_Reg,fact_pers_reg
Fact_Hog_Reg,fact_hog_reg
P_INSEG_LUGARES_1,emper_p_inseg_lugares_1
P_INSEG_LUGARES_2,emper_p_inseg_lugares_2
P_INSEG_LUGARES_3,emper_p_inseg_lugares_3
P_INSEG_LUGARES_4,emper_p_inseg_lugares_4
P_INSEG_LUGARES_5,emper_p_inseg_lugares_5
P_INSEG_LUGARES_6,emper_p_inseg_lugares_6
P_INSEG_LUGARES_7,emper_p_inseg_lugares_7
P_INSEG_LUGARES_8,emper_p_inseg_lugares_8
P_INSEG_LUGARES_9,emper_p_inseg_lugares_9
P_INSEG_LUGARES_10,emper_p_inseg_lugares_10
P_INSEG_LUGARES_11,emper_p_inseg_lugares_11
P_INSEG_LUGARES_12,emper_p_inseg_lugares_12
P_INSEG_LUGARES_13,emper_p_inseg_lugares_13
P_INSEG_LUGARES_14,emper_p_inseg_lugares_14
P_INSEG_LUGARES_15,emper_p_inseg_lugares_15
P_INSEG_LUGARES_16,emper_p_inseg_lugares_16
P_INSEG_OSCURO_1,emper_p_inseg_oscuro_1
P_INSEG_DIA_1,emper_p_inseg_dia_1
P_INSEG_OSCURO_2,emper_p_inseg_oscuro_2
P_INSEG_DIA_2,emper_p_inseg_dia_2
P_EXPOS_DELITO,perper_p_expos_delito
P_DELITO_PRONOSTICO__1,perper_p_delito_pronostico_1
P_DELITO_PRONOSTICO__2,perper_p_delito_pronostico_2
P_DELITO_PRONOSTICO__3,perper_p_delito_pronostico_3
P_DELITO_PRONOSTICO__4,perper_p_delito_pronostico_4
P_DELITO_PRONOSTICO__5,perper_p_delito_pronostico_5
P_DELITO_PRONOSTICO__6,perper_p_delito_pronostico_6
P_DELITO_PRONOSTICO__7,perper_p_delito_pronostico_7
P_DELITO_PRONOSTICO__8,perper_p_delito_pronostico_8
P_DELITO_PRONOSTICO__9,perper_p_delito_pronostico_9
P_DELITO_PRONOSTICO__10,perper_p_delito_pronostico_10
P_DELITO_PRONOSTICO__11,perper_p_delito_pronostico_11
P_DELITO_PRONOSTICO__77,perper_p_delito_pronostico_77
P_DELITO_PRONOSTICO__88,perper_p_delito_pronostico_88
P_DELITO_PRONOSTICO__99,perper_p_delito_pronostico_99
P_MOD_ACTIVIDADES_1,comper_p_mod_actividades_1
P_MOD_ACTIVIDADES_2,comper_p_mod_actividades_2
P_MOD_ACTIVIDADES_3,comper_p_mod_actividades_3
P_MOD_ACTIVIDADES_4,comper_p_mod_actividades_4
P_MOD_ACTIVIDADES_5,comper_p_mod_actividades_5
P_MOD_ACTIVIDADES_6,comper_p_mod_actividades_6
P_MOD_ACTIVIDADES_7,comper_p_mod_actividades_7
P_MOD_ACTIVIDADES_8,comper_p_mod_actividades_8
P_MOD_ACTIVIDADES_9,comper_p_mod_actividades_9
P_MOD_ACTIVIDADES_10,comper_p_mod_actividades_10
P_MOD_ACTIVIDADES_11,comper_p_mod_actividades_11
P_MOD_ACTIVIDADES_12,comper_p_mod_actividades_12
P_MOD_ACTIVIDADES_13,comper_p_mod_actividades_13
P_MOD_ACTIVIDADES_14,comper_p_mod_actividades_14
COSTOS_MEDIDAS,comper_costos_medidas
MEDIDAS_PERRO,comgen_medidas_perro
MEDIDAS_ALARMA_PRIVADA,comgen_medidas_alarma_privada
MEDIDAS_CAMARAS_VIGILANCIA,comgen_medidas_camaras_vigilancia
MEDIDAS_REJAS,comgen_medidas_rejas
MEDIDAS_CERCO,comgen_medidas_cerco
MEDIDAS_PROTECCION,comgen_medidas_proteccion
MEDIDAS_SEGURO,comgen_medidas_seguro
MEDIDAS_FOCO,comgen_medidas_foco
MEDIDAS_OTRO,comgen_medidas_otro
MEDIDAS_NA,comgen_medidas_na
MEDIDAS_NS,comgen_medidas_ns
MEDIDAS_NR,comgen_medidas_nr
VECINOS_MEDIDAS_WHATSAPP,comgen_vecinos_medidas_whatsapp
VECINOS_MEDIDAS_VIGILANCIA,comgen_vecinos_medidas_vigilancia
VECINOS_MEDIDAS_AL_COMUNIT,comgen_vecinos_medidas_al_comunit
VECINOS_MEDIDAS_COORD_POL,comgen_vecinos_medidas_coord_pol
VECINOS_MEDIDAS_COORD_MUN,comgen_vecinos_medidas_coord_mun
VECINOS_MEDIDAS_TELEVIG,comgen_vecinos_medidas_televig
VECINOS_MEDIDAS_PRIVAD,comgen_vecinos_medidas_privad
VECINOS_MEDIDAS_OTRO,comgen_vecinos_medidas_otro
VECINOS_MEDIDAS_NA,comgen_vecinos_medidas_na
VECINOS_MEDIDAS_NS,comgen_vecinos_medidas_ns
VECINOS_MEDIDAS_NR,comgen_vecinos_medidas_nr
rph_numeroLinea,rph_numero_linea
rph_numHogar,rph_num_hogar
rph_parentesco,rph_parentesco
rph_edad,rph_edad
rph_ranget,rph_ranget
rph_sexo,rph_sexo
rph_idgen,rph_idgen
rph_orientacion_sexual,rph_orientacion_sexual
rph_pert_indigena,rph_pert_indigena
rph_lugar_nacimiento,rph_lugar_nacimiento
rph_migracion,rph_migracion
rph_nacionalidad,rph_nacionalidad
rph_nivel,rph_nivel
rph_disc_a,rph_disc_a
rph_disc_b,rph_disc_b
rph_disc_c,rph_disc_c
rph_disc_d,rph_disc_d
rph_disc_e,rph_disc_e
rph_disc_f,rph_disc_f
rph_estadocivil,rph_estadocivil
rph_situacion_laboral_a,rph_situacion_laboral_a
rph_situacion_laboral_b,rph_situacion_laboral_b
rph_categoria_ocupacional,rph_categoria_ocupacional
rph_ciuo,rph_ciuo
rph_busqueda_empleo,rph_busqueda_empleo
rph_disponibilidad_trabajar,rph_disponibilidad_trabajar
rph_razon_inactividad,rph_razon_inactividad
rph_ocupados,rph_ocupados
rph_desocupados,rph_desocupados
rph_inactivos,rph_inactivos
rph_proveedor,rph_proveedor
rph_nse,rph_nse
enc_region,enc_region
VH_DC,vh_dc
VP_DC,vp_dc
VH_DV,vh_dv
VP_DV,vp_dv
P_FUENTE_INFO_PAIS_1,p_fuente_info_pais_1
P_FUENTE_INFO_COM_1,p_fuente_info_com_1
P_FUENTE_INFO_BARRIO_1,p_fuente_info_barrio_1
P_DESORDENES_1,p_desordenes_1
P_DESORDENES_2,p_desordenes_2
P_DESORDENES_3,p_desordenes_3
P_DESORDENES_4,p_desordenes_4
P_DESORDENES_5,p_desordenes_5
P_DESORDENES_6,p_desordenes_6
P_DESORDENES_7,p_desordenes_7
P_DESORDENES_8,p_desordenes_8
P_INCIVILIDADES_1,p_incivilidades_1
P_INCIVILIDADES_2,p_incivilidades_2
P_INCIVILIDADES_3,p_incivilidades_3
P_INCIVILIDADES_4,p_incivilidades_4
P_INCIVILIDADES_5,p_incivilidades_5
P_INCIVILIDADES_6,p_incivilidades_6
P_INCIVILIDADES_7,p_incivilidades_7
P_AUMENTO_PAIS,p_aumento_pais
P_AUMENTO_COM,p_aumento_com
P_AUMENTO_BARRIO,p_aumento_barrio
