familia,variable,original,etiqueta,categorias,construida_desde,uso
Original,emper_p_inseg_lugares_1,P_INSEG_LUGARES_1,"Durante los últimos doce meses, según su experiencia, ¿qué tan seguro/a se siente...? Trasladándose en su vehículo",1 = Muy inseguro/a; 2 = Inseguro/a; 3 = Seguro/a; 4 = Muy seguro/a; 85 = No aplica; 88 = No sabe; 96 = Sin dato; 99 = No responde,NA,emper_ep_pct
Original,emper_p_inseg_lugares_2,P_INSEG_LUGARES_2,"Durante los últimos doce meses, según su experiencia, ¿qué tan seguro/a se siente...? Esperando transporte público",1 = Muy inseguro/a; 2 = Inseguro/a; 3 = Seguro/a; 4 = Muy seguro/a; 85 = No aplica; 88 = No sabe; 96 = Sin dato; 99 = No responde,NA,emper_ep_pct
Original,emper_p_inseg_lugares_3,P_INSEG_LUGARES_3,"Durante los últimos doce meses, según su experiencia, ¿qué tan seguro/a se siente...? Trasladándose en buses o micros de transporte público",1 = Muy inseguro/a; 2 = Inseguro/a; 3 = Seguro/a; 4 = Muy seguro/a; 85 = No aplica; 88 = No sabe; 96 = Sin dato; 99 = No responde,NA,emper_ep_pct
Original,emper_p_inseg_lugares_4,P_INSEG_LUGARES_4,"Durante los últimos doce meses, según su experiencia, ¿qué tan seguro/a se siente...? Trasladándose en taxis o colectivos",1 = Muy inseguro/a; 2 = Inseguro/a; 3 = Seguro/a; 4 = Muy seguro/a; 85 = No aplica; 88 = No sabe; 96 = Sin dato; 99 = No responde,NA,emper_ep_pct
Original,emper_p_inseg_lugares_5,P_INSEG_LUGARES_5,"Durante los últimos doce meses, según su experiencia, ¿qué tan seguro/a se siente...? Trasladándose en vehículos de aplicación, tales como Uber, Cabify, Didi o similar",1 = Muy inseguro/a; 2 = Inseguro/a; 3 = Seguro/a; 4 = Muy seguro/a; 85 = No aplica; 88 = No sabe; 96 = Sin dato; 99 = No responde,NA,emper_ep_pct
Original,emper_p_inseg_lugares_6,P_INSEG_LUGARES_6,"Durante los últimos doce meses, según su experiencia, ¿qué tan seguro/a se siente...? Trasladándose en Metro, Biotrén, Merval o Metrotren",1 = Muy inseguro/a; 2 = Inseguro/a; 3 = Seguro/a; 4 = Muy seguro/a; 85 = No aplica; 88 = No sabe; 96 = Sin dato; 99 = No responde,NA,emper_ep_pct
Original,emper_p_inseg_lugares_7,P_INSEG_LUGARES_7,"Durante los últimos doce meses, según su experiencia, ¿qué tan seguro/a se siente...? En un restaurante, bar, pub, café, discoteque u otro lugar de recreación",1 = Muy inseguro/a; 2 = Inseguro/a; 3 = Seguro/a; 4 = Muy seguro/a; 85 = No aplica; 88 = No sabe; 96 = Sin dato; 99 = No responde,NA,emper_ep_pct
Original,emper_p_inseg_lugares_8,P_INSEG_LUGARES_8,"Durante los últimos doce meses, según su experiencia, ¿qué tan seguro/a se siente...? En un terminal de buses o ferrocarriles",1 = Muy inseguro/a; 2 = Inseguro/a; 3 = Seguro/a; 4 = Muy seguro/a; 85 = No aplica; 88 = No sabe; 96 = Sin dato; 99 = No responde,NA,emper_ep_pct
Original,emper_p_inseg_lugares_9,P_INSEG_LUGARES_9,"Durante los últimos doce meses, según su experiencia, ¿qué tan seguro/a se siente...? En un terminal aéreo o aeropuerto",1 = Muy inseguro/a; 2 = Inseguro/a; 3 = Seguro/a; 4 = Muy seguro/a; 85 = No aplica; 88 = No sabe; 96 = Sin dato; 99 = No responde,NA,emper_ep_pct
Original,emper_p_inseg_lugares_10,P_INSEG_LUGARES_10,"Durante los últimos doce meses, según su experiencia, ¿qué tan seguro/a se siente...? En centros comerciales o malls",1 = Muy inseguro/a; 2 = Inseguro/a; 3 = Seguro/a; 4 = Muy seguro/a; 85 = No aplica; 88 = No sabe; 96 = Sin dato; 99 = No responde,NA,emper_ep_pct
Original,emper_p_inseg_lugares_11,P_INSEG_LUGARES_11,"Durante los últimos doce meses, según su experiencia, ¿qué tan seguro/a se siente...? En una bencinera o servicentro",1 = Muy inseguro/a; 2 = Inseguro/a; 3 = Seguro/a; 4 = Muy seguro/a; 85 = No aplica; 88 = No sabe; 96 = Sin dato; 99 = No responde,NA,emper_ep_pct
Original,emper_p_inseg_lugares_12,P_INSEG_LUGARES_12,"Durante los últimos doce meses, según su experiencia, ¿qué tan seguro/a se siente...? En plazas o parques de su barrio",1 = Muy inseguro/a; 2 = Inseguro/a; 3 = Seguro/a; 4 = Muy seguro/a; 85 = No aplica; 88 = No sabe; 96 = Sin dato; 99 = No responde,NA,No se usa
Original,emper_p_inseg_lugares_13,P_INSEG_LUGARES_13,"Durante los últimos doce meses, según su experiencia, ¿qué tan seguro/a se siente...? En comercios de su barrio",1 = Muy inseguro/a; 2 = Inseguro/a; 3 = Seguro/a; 4 = Muy seguro/a; 85 = No aplica; 88 = No sabe; 96 = Sin dato; 99 = No responde,NA,No se usa
Original,emper_p_inseg_lugares_14,P_INSEG_LUGARES_14,"Durante los últimos doce meses, según su experiencia, ¿qué tan seguro/a se siente...? En su lugar de trabajo",1 = Muy inseguro/a; 2 = Inseguro/a; 3 = Seguro/a; 4 = Muy seguro/a; 85 = No aplica; 88 = No sabe; 96 = Sin dato; 99 = No responde,NA,No se usa
Original,emper_p_inseg_lugares_15,P_INSEG_LUGARES_15,"Durante los últimos doce meses, según su experiencia, ¿qué tan seguro/a se siente...? En su lugar de estudio",1 = Muy inseguro/a; 2 = Inseguro/a; 3 = Seguro/a; 4 = Muy seguro/a; 85 = No aplica; 88 = No sabe; 96 = Sin dato; 99 = No responde,NA,No se usa
Original,emper_p_inseg_lugares_16,P_INSEG_LUGARES_16,"Durante los últimos doce meses, según su experiencia, ¿qué tan seguro/a se siente...? En el banco",1 = Muy inseguro/a; 2 = Inseguro/a; 3 = Seguro/a; 4 = Muy seguro/a; 85 = No aplica; 88 = No sabe; 96 = Sin dato; 99 = No responde,NA,No se usa
Original,emper_p_inseg_oscuro_1,P_INSEG_OSCURO_1,Durante los últimos doce meses ¿qué tan seguro/a se siente en las siguientes situaciones? Caminando solo/a por su barrio cuando ya está oscuro,1 = Muy inseguro/a; 2 = Inseguro/a; 3 = Seguro/a; 4 = Muy seguro/a; 85 = No aplica; 88 = No sabe; 96 = Sin dato; 99 = No responde,NA,emper_barrio_pct
Original,emper_p_inseg_dia_1,P_INSEG_DIA_1,Durante los últimos doce meses ¿qué tan seguro/a se siente en las siguientes situaciones? Caminando solo/a por su barrio durante el día,1 = Muy inseguro/a; 2 = Inseguro/a; 3 = Seguro/a; 4 = Muy seguro/a; 85 = No aplica; 88 = No sabe; 96 = Sin dato; 99 = No responde,NA,emper_barrio_pct
Original,emper_p_inseg_oscuro_2,P_INSEG_OSCURO_2,Durante los últimos doce meses ¿qué tan seguro/a se siente en las siguientes situaciones? Solo/a en su casa cuando ya está oscuro,1 = Muy inseguro/a; 2 = Inseguro/a; 3 = Seguro/a; 4 = Muy seguro/a; 85 = No aplica; 88 = No sabe; 96 = Sin dato; 99 = No responde,NA,emper_casa_pct
Original,emper_p_inseg_dia_2,P_INSEG_DIA_2,Durante los últimos doce meses ¿qué tan seguro/a se siente en las siguientes situaciones? Solo/a en su casa durante el día,1 = Muy inseguro/a; 2 = Inseguro/a; 3 = Seguro/a; 4 = Muy seguro/a; 85 = No aplica; 88 = No sabe; 96 = Sin dato; 99 = No responde,NA,emper_casa_pct
Original,perper_p_expos_delito,P_EXPOS_DELITO,"Considerando el tipo de actividades que realiza o los lugares por los que transita habitualmente, ¿cree usted que será víctima de algún delito en los próximos doce meses?",1 = Sí; 2 = No; 88 = No sabe; 96 = Sin dato; 99 = No responde,NA,perper_delito
Original,perper_p_delito_pronostico_1,P_DELITO_PRONOSTICO__1,¿De qué delito cree usted que será víctima en los próximos doce meses? Robo en su vivienda,0 = No; 1 = Sí; 96 = Sin dato,NA,perper_delito
Original,perper_p_delito_pronostico_2,P_DELITO_PRONOSTICO__2,¿De qué delito cree usted que será víctima en los próximos doce meses? Robo o hurto de su vehículo o portonazo,0 = No; 1 = Sí; 96 = Sin dato,NA,perper_delito
Original,perper_p_delito_pronostico_3,P_DELITO_PRONOSTICO__3,¿De qué delito cree usted que será víctima en los próximos doce meses? Robo o hurto de algún objeto dejado dentro del vehículo o parte de él,0 = No; 1 = Sí; 96 = Sin dato,NA,perper_delito
Original,perper_p_delito_pronostico_4,P_DELITO_PRONOSTICO__4,¿De qué delito cree usted que será víctima en los próximos doce meses? Vandalismo o daño a su vivienda o vehículo,0 = No; 1 = Sí; 96 = Sin dato,NA,perper_delito
Original,perper_p_delito_pronostico_5,P_DELITO_PRONOSTICO__5,"¿De qué delito cree usted que será víctima en los próximos doce meses? Robo o asalto, como robo con violencia, cogoteo, robo por sorpresa o lanzazo",0 = No; 1 = Sí; 96 = Sin dato,NA,perper_delito
Original,perper_p_delito_pronostico_6,P_DELITO_PRONOSTICO__6,¿De qué delito cree usted que será víctima en los próximos doce meses? Hurto,0 = No; 1 = Sí; 96 = Sin dato,NA,perper_delito
Original,perper_p_delito_pronostico_7,P_DELITO_PRONOSTICO__7,¿De qué delito cree usted que será víctima en los próximos doce meses? Agresiones físicas o lesiones,0 = No; 1 = Sí; 96 = Sin dato,NA,perper_delito
Original,perper_p_delito_pronostico_8,P_DELITO_PRONOSTICO__8,¿De qué delito cree usted que será víctima en los próximos doce meses? Amenazas o extorsión,0 = No; 1 = Sí; 96 = Sin dato,NA,perper_delito
Original,perper_p_delito_pronostico_9,P_DELITO_PRONOSTICO__9,¿De qué delito cree usted que será víctima en los próximos doce meses? Delitos económicos como fraude o estafa,0 = No; 1 = Sí; 96 = Sin dato,NA,perper_delito
Original,perper_p_delito_pronostico_10,P_DELITO_PRONOSTICO__10,¿De qué delito cree usted que será víctima en los próximos doce meses? Delitos cibernéticos,0 = No; 1 = Sí; 96 = Sin dato,NA,perper_delito
Original,perper_p_delito_pronostico_11,P_DELITO_PRONOSTICO__11,¿De qué delito cree usted que será víctima en los próximos doce meses? Acoso callejero o sexual,0 = No; 1 = Sí; 96 = Sin dato,NA,perper_delito
Original,perper_p_delito_pronostico_77,P_DELITO_PRONOSTICO__77,¿De qué delito cree usted que será víctima en los próximos doce meses? Otros delitos,0 = No; 1 = Sí; 96 = Sin dato,NA,perper_delito
Original,perper_p_delito_pronostico_88,P_DELITO_PRONOSTICO__88,¿De qué delito cree usted que será víctima en los próximos doce meses? No sabe,0 = No; 1 = Sí; 96 = Sin dato,NA,perper_delito
Original,perper_p_delito_pronostico_99,P_DELITO_PRONOSTICO__99,¿De qué delito cree usted que será víctima en los próximos doce meses? No responde,0 = No; 1 = Sí; 96 = Sin dato,NA,perper_delito
Original,comper_p_mod_actividades_1,P_MOD_ACTIVIDADES_1,"Durante los últimos doce meses, por temor a ser víctima de algún delito como robo, asalto, agresión u otro, usted... ¿ha dejado de ""Caminar solo/a""?",1 = Sí; 2 = No; 85 = No aplica; 88 = No sabe; 96 = Sin dato; 99 = No responde,NA,comper_pct
Original,comper_p_mod_actividades_2,P_MOD_ACTIVIDADES_2,"Durante los últimos doce meses, por temor a ser víctima de algún delito como robo, asalto, agresión u otro, usted... ¿ha dejado de ""Realizar actividades al aire libre""?",1 = Sí; 2 = No; 85 = No aplica; 88 = No sabe; 96 = Sin dato; 99 = No responde,NA,comper_pct
Original,comper_p_mod_actividades_3,P_MOD_ACTIVIDADES_3,"Durante los últimos doce meses, por temor a ser víctima de algún delito como robo, asalto, agresión u otro, usted... ¿ha dejado de ""Usar celular y/o artículos electrónicos en público""?",1 = Sí; 2 = No; 85 = No aplica; 88 = No sabe; 96 = Sin dato; 99 = No responde,NA,comper_pct
Original,comper_p_mod_actividades_4,P_MOD_ACTIVIDADES_4,"Durante los últimos doce meses, por temor a ser víctima de algún delito como robo, asalto, agresión u otro, usted... ¿ha dejado de ""Tomar micros o buses""?",1 = Sí; 2 = No; 85 = No aplica; 88 = No sabe; 96 = Sin dato; 99 = No responde,NA,comper_pct
Original,comper_p_mod_actividades_5,P_MOD_ACTIVIDADES_5,"Durante los últimos doce meses, por temor a ser víctima de algún delito como robo, asalto, agresión u otro, usted... ¿ha dejado de ""Tomar taxis o colectivos""?",1 = Sí; 2 = No; 85 = No aplica; 88 = No sabe; 96 = Sin dato; 99 = No responde,NA,comper_pct
Original,comper_p_mod_actividades_6,P_MOD_ACTIVIDADES_6,"Durante los últimos doce meses, por temor a ser víctima de algún delito como robo, asalto, agresión u otro, usted... ¿ha dejado de ""Tomar o usar Uber, Cabify, Didi o similares""?",1 = Sí; 2 = No; 85 = No aplica; 88 = No sabe; 96 = Sin dato; 99 = No responde,NA,comper_pct
Original,comper_p_mod_actividades_7,P_MOD_ACTIVIDADES_7,"Durante los últimos doce meses, por temor a ser víctima de algún delito como robo, asalto, agresión u otro, usted... ¿ha dejado de ""Caminar por ciertas áreas o lugares""?",1 = Sí; 2 = No; 85 = No aplica; 88 = No sabe; 96 = Sin dato; 99 = No responde,NA,comper_pct
Original,comper_p_mod_actividades_8,P_MOD_ACTIVIDADES_8,"Durante los últimos doce meses, por temor a ser víctima de algún delito como robo, asalto, agresión u otro, usted... ¿ha dejado de ""Salir de noche""?",1 = Sí; 2 = No; 85 = No aplica; 88 = No sabe; 96 = Sin dato; 99 = No responde,NA,comper_pct
Original,comper_p_mod_actividades_9,P_MOD_ACTIVIDADES_9,"Durante los últimos doce meses, por temor a ser víctima de algún delito como robo, asalto, agresión u otro, usted... ¿ha dejado de ""Usar joyas, reloj u objetos de lujo""?",1 = Sí; 2 = No; 85 = No aplica; 88 = No sabe; 96 = Sin dato; 99 = No responde,NA,comper_pct
Original,comper_p_mod_actividades_10,P_MOD_ACTIVIDADES_10,"Durante los últimos doce meses, por temor a ser víctima de algún delito como robo, asalto, agresión u otro, usted... ¿ha dejado de ""Ir al banco""?",1 = Sí; 2 = No; 85 = No aplica; 88 = No sabe; 96 = Sin dato; 99 = No responde,NA,comper_pct
Original,comper_p_mod_actividades_11,P_MOD_ACTIVIDADES_11,"Durante los últimos doce meses, por temor a ser víctima de algún delito como robo, asalto, agresión u otro, usted... ¿ha dejado de ""Llevar o usar dinero en efectivo""?",1 = Sí; 2 = No; 85 = No aplica; 88 = No sabe; 96 = Sin dato; 99 = No responde,NA,comper_pct
Original,comper_p_mod_actividades_12,P_MOD_ACTIVIDADES_12,"Durante los últimos doce meses, por temor a ser víctima de algún delito como robo, asalto, agresión u otro, usted... ¿ha dejado de ""Realizar actividades deportivas, de recreación o esparcimiento en recintos cerrados""?",1 = Sí; 2 = No; 85 = No aplica; 88 = No sabe; 96 = Sin dato; 99 = No responde,NA,comper_pct
Original,comper_p_mod_actividades_13,P_MOD_ACTIVIDADES_13,"Durante los últimos doce meses, por temor a ser víctima de algún delito como robo, asalto, agresión u otro, usted... ¿ha dejado de ""Manejar vehículos, motos y/o estacionar fuera de su vivienda""?",1 = Sí; 2 = No; 85 = No aplica; 88 = No sabe; 96 = Sin dato; 99 = No responde,NA,comper_pct
Original,comper_p_mod_actividades_14,P_MOD_ACTIVIDADES_14,"Durante los últimos doce meses, por temor a ser víctima de algún delito como robo, asalto, agresión u otro, usted... ¿ha dejado de ""Hacer otra actividad""?",1 = Sí; 2 = No; 85 = No aplica; 88 = No sabe; 96 = Sin dato; 99 = No responde,NA,No se usa
Original,comper_costos_medidas,COSTOS_MEDIDAS,"En los últimos doce meses ¿cuánto dinero en total ha gastado su hogar en medidas de seguridad? Considerar lo invertido en seguridad de su vivienda, automóvil y en conjunto a las personas de su barrio. Sumar todos los costos de estas medidas.",1 = Menos de $50.000; 2 = De $50.001 a $200.000; 3 = De $200.001 a $500.000; 4 = De $500.001 a $1.000.000; 5 = De $1.000.001 y más; 85 = No ha gastado en medidas de seguridad; 88 = No sabe; 96 = Sin dato; 99 = No responde,NA,comper_gasto
Original,comgen_medidas_perro,MEDIDAS_PERRO,Indique el o los elementos de seguridad que dispone su vivienda o edificio. Perro u otro animal con fines de protección del inmueble,0 = No; 1 = Sí; 96 = Sin dato,NA,comgen_per_pct_cat
Original,comgen_medidas_alarma_privada,MEDIDAS_ALARMA_PRIVADA,Indique el o los elementos de seguridad que dispone su vivienda o edificio. Alarma instalada por empresa de seguridad,0 = No; 1 = Sí; 96 = Sin dato,NA,comgen_per_pct_cat
Original,comgen_medidas_camaras_vigilancia,MEDIDAS_CAMARAS_VIGILANCIA,Indique el o los elementos de seguridad que dispone su vivienda o edificio. Cámaras de vigilancia,0 = No; 1 = Sí; 96 = Sin dato,NA,comgen_per_pct_cat
Original,comgen_medidas_rejas,MEDIDAS_REJAS,Indique el o los elementos de seguridad que dispone su vivienda o edificio. Rejas u otro tipo de protecciones en puertas y ventanas,0 = No; 1 = Sí; 96 = Sin dato,NA,comgen_per_pct_cat
Original,comgen_medidas_cerco,MEDIDAS_CERCO,Indique el o los elementos de seguridad que dispone su vivienda o edificio. Cerco eléctrico en reja o muro perimetral de la propiedad,0 = No; 1 = Sí; 96 = Sin dato,NA,comgen_per_pct_cat
Original,comgen_medidas_proteccion,MEDIDAS_PROTECCION,Indique el o los elementos de seguridad que dispone su vivienda o edificio. Protecciones no eléctricas en reja o muro de la propiedad,0 = No; 1 = Sí; 96 = Sin dato,NA,comgen_per_pct_cat
Original,comgen_medidas_seguro,MEDIDAS_SEGURO,Indique el o los elementos de seguridad que dispone su vivienda o edificio. Seguro de cadena y/o cerradura de seguridad,0 = No; 1 = Sí; 96 = Sin dato,NA,comgen_per_pct_cat
Original,comgen_medidas_foco,MEDIDAS_FOCO,Indique el o los elementos de seguridad que dispone su vivienda o edificio. Foco lumínico con sensor de movimiento,0 = No; 1 = Sí; 96 = Sin dato,NA,comgen_per_pct_cat
Original,comgen_medidas_otro,MEDIDAS_OTRO,Indique el o los elementos de seguridad que dispone su vivienda o edificio. Otro elemento de seguridad,0 = No; 1 = Sí; 96 = Sin dato,NA,comgen_per_pct_cat
Original,comgen_medidas_na,MEDIDAS_NA,Indique el o los elementos de seguridad que dispone su vivienda o edificio. No tenemos ninguna medida de seguridad,0 = No; 1 = Sí; 96 = Sin dato,NA,No se usa
Original,comgen_medidas_ns,MEDIDAS_NS,Indique el o los elementos de seguridad que dispone su vivienda o edificio. No sabe,0 = No; 1 = Sí; 96 = Sin dato,NA,No se usa
Original,comgen_medidas_nr,MEDIDAS_NR,Indique el o los elementos de seguridad que dispone su vivienda o edificio. No responde,0 = No; 1 = Sí; 96 = Sin dato,NA,No se usa
Original,comgen_vecinos_medidas_whatsapp,VECINOS_MEDIDAS_WHATSAPP,¿Cuál/es de las siguientes medidas ha adoptado en conjunto a las personas de su barrio / cuadra / block para sentirse más seguros/as? Tenemos un grupo de WhatsApp u otra red,0 = No; 1 = Sí; 96 = Sin dato,NA,comgen_com_pct_cat
Original,comgen_vecinos_medidas_vigilancia,VECINOS_MEDIDAS_VIGILANCIA,¿Cuál/es de las siguientes medidas ha adoptado en conjunto a las personas de su barrio / cuadra / block para sentirse más seguros/as? Tenemos un sistema de vigilancia entre las personas del barrio,0 = No; 1 = Sí; 96 = Sin dato,NA,comgen_com_pct_cat
Original,comgen_vecinos_medidas_al_comunit,VECINOS_MEDIDAS_AL_COMUNIT,¿Cuál/es de las siguientes medidas ha adoptado en conjunto a las personas de su barrio / cuadra / block para sentirse más seguros/as? Tenemos un sistema de alarma comunitaria,0 = No; 1 = Sí; 96 = Sin dato,NA,comgen_com_pct_cat
Original,comgen_vecinos_medidas_coord_pol,VECINOS_MEDIDAS_COORD_POL,¿Cuál/es de las siguientes medidas ha adoptado en conjunto a las personas de su barrio / cuadra / block para sentirse más seguros/as? Hemos hablado con las policías para coordinar medidas de seguridad,0 = No; 1 = Sí; 96 = Sin dato,NA,comgen_com_pct_cat
Original,comgen_vecinos_medidas_coord_mun,VECINOS_MEDIDAS_COORD_MUN,¿Cuál/es de las siguientes medidas ha adoptado en conjunto a las personas de su barrio / cuadra / block para sentirse más seguros/as? Hemos hablado con agentes del municipio para coordinar medidas de seguridad,0 = No; 1 = Sí; 96 = Sin dato,NA,comgen_com_pct_cat
Original,comgen_vecinos_medidas_televig,VECINOS_MEDIDAS_TELEVIG,¿Cuál/es de las siguientes medidas ha adoptado en conjunto a las personas de su barrio / cuadra / block para sentirse más seguros/as? Tenemos un sistema de cámaras de televigilancia,0 = No; 1 = Sí; 96 = Sin dato,NA,comgen_com_pct_cat
Original,comgen_vecinos_medidas_privad,VECINOS_MEDIDAS_PRIVAD,¿Cuál/es de las siguientes medidas ha adoptado en conjunto a las personas de su barrio / cuadra / block para sentirse más seguros/as? Tenemos contratados vigilantes privados,0 = No; 1 = Sí; 96 = Sin dato,NA,comgen_com_pct_cat
Original,comgen_vecinos_medidas_otro,VECINOS_MEDIDAS_OTRO,¿Cuál/es de las siguientes medidas ha adoptado en conjunto a las personas de su barrio / cuadra / block para sentirse más seguros/as? Otro elemento de seguridad,0 = No; 1 = Sí; 96 = Sin dato,NA,comgen_com_pct_cat
Original,comgen_vecinos_medidas_na,VECINOS_MEDIDAS_NA,¿Cuál/es de las siguientes medidas ha adoptado en conjunto a las personas de su barrio / cuadra / block para sentirse más seguros/as? No tenemos ninguna medida de seguridad,0 = No; 1 = Sí; 96 = Sin dato,NA,No se usa
Original,comgen_vecinos_medidas_ns,VECINOS_MEDIDAS_NS,¿Cuál/es de las siguientes medidas ha adoptado en conjunto a las personas de su barrio / cuadra / block para sentirse más seguros/as? No sabe,0 = No; 1 = Sí; 96 = Sin dato,NA,No se usa
Original,comgen_vecinos_medidas_nr,VECINOS_MEDIDAS_NR,¿Cuál/es de las siguientes medidas ha adoptado en conjunto a las personas de su barrio / cuadra / block para sentirse más seguros/as? No responde,0 = No; 1 = Sí; 96 = Sin dato,NA,No se usa
Original,rph_numero_linea,rph_numeroLinea,Número de línea,,NA,No se usa
Original,rph_num_hogar,rph_numHogar,Número de hogar,,NA,No se usa
Original,rph_parentesco,rph_parentesco,¿Qué relación tiene con el jefe o jefa de hogar?,1 = Jefe/a de hogar; 2 = Cónyuge o conviviente; 3 = Hijo/a; 4 = Hijastro/a; 5 = Yerno o nuera; 6 = Nieto/a; 7 = Hermano/a o cuñado/a; 8 = Padre o madre; 9 = Suegro/a; 10 = Otro pariente; 11 = No pariente; 12 = Servicio doméstico puertas adentro,NA,No se usa
Original,rph_edad,rph_edad,¿Qué edad tiene (nombre)?,0 = 0 a 14 años; 1 = 15 a 19 años; 2 = 20 a 29 años; 3 = 30 a 39 años; 4 = 40 a 49 años; 5 = 50 a 59 años; 6 = 60 a 69 años; 7 = 70 años o más,NA,rph_edad_rec
Original,rph_ranget,rph_ranget,Rango etario,0 = 0-14; 1 = 15-29; 2 = 30-59; 3 = 60+,NA,No se usa
Original,rph_sexo,rph_sexo,¿Cuál es el sexo de (nombre)?,1 = Hombre; 2 = Mujer,NA,Se usa directamente como variable secundaria
Original,rph_idgen,rph_idgen,¿Con cuál género se identifica (nombre)?,1 = Masculino; 2 = Femenino; 3 = Trans u otra; 88 = No sabe; 96 = Sin dato; 99 = No responde,NA,No se usa
Original,rph_orientacion_sexual,rph_orientacion_sexual,"Usted actualmente, se identifica como: (Orientación sexual)","1 = No heterosexual (gay, lesbiana, bisexual u otro); 2 = Heterosexual; 88 = No sabe; 96 = Sin dato; 99 = No responde",NA,No se usa
Original,rph_pert_indigena,rph_pert_indigena,¿(nombre) es o se considera perteneciente a algún pueblo indígena u originario?,1 = Sí; 2 = No; 88 = No sabe; 96 = Sin dato; 99 = No responde,NA,No se usa
Original,rph_lugar_nacimiento,rph_lugar_nacimiento,¿En qué país vivía la madre de (nombre) cuando él/ella nació?,1 = Chile; 2 = Otro país; 88 = No sabe; 96 = Sin dato; 99 = No responde,NA,No se usa
Original,rph_migracion,rph_migracion,¿Entre qué años llegó (nombre) a Chile?,1 = Entre 2020 y 2025; 2 = Entre 2013 y 2019; 3 = Entre 2003 y 2012; 4 = Entre 1993 y 2002; 5 = Antes de 1993; 88 = No sabe; 96 = Sin dato; 99 = No responde,NA,No se usa
Original,rph_nacionalidad,rph_nacionalidad,¿Cuál es la nacionalidad de (nombre)?,1 = Chilena; 2 = Chilena y/u otra; 88 = No sabe; 96 = Sin dato; 99 = No responde,NA,No se usa
Original,rph_nivel,rph_nivel,¿Cuál es el nivel educativo más alto alcanzado por (nombre)?,0 = Nunca asistió a educación formal; 1 = Educación básica; 2 = Educación secundaria; 3 = Educación superior; 96 = Sin dato; 99 = Nivel ignorado,NA,rph_nivel_rec
Original,rph_disc_a,rph_disc_a,¿(nombre) tiene dificultad para ver incluso si lleva lentes?,"1 = No, ninguna dificultad; 2 = Sí, algo de dificultad; 3 = Sí, mucha dificultad; 4 = No puede hacerlo; 96 = Sin dato",NA,No se usa
Original,rph_disc_b,rph_disc_b,¿(nombre) tiene dificultad para oír incluso si utiliza un audífono?,"1 = No, ninguna dificultad; 2 = Sí, algo de dificultad; 3 = Sí, mucha dificultad; 4 = No puede hacerlo; 96 = Sin dato",NA,No se usa
Original,rph_disc_c,rph_disc_c,¿(nombre) tiene dificultad para caminar o subir escaleras?,"1 = No, ninguna dificultad; 2 = Sí, algo de dificultad; 3 = Sí, mucha dificultad; 4 = No puede hacerlo; 96 = Sin dato",NA,No se usa
Original,rph_disc_d,rph_disc_d,¿(nombre) tiene dificultad para recordar o concetrarse?,"1 = No, ninguna dificultad; 2 = Sí, algo de dificultad; 3 = Sí, mucha dificultad; 4 = No puede hacerlo; 96 = Sin dato",NA,No se usa
Original,rph_disc_e,rph_disc_e,¿(nombre) tiene dificultad en su cuidado personal como para asearse o vestirse?,"1 = No, ninguna dificultad; 2 = Sí, algo de dificultad; 3 = Sí, mucha dificultad; 4 = No puede hacerlo; 96 = Sin dato",NA,No se usa
Original,rph_disc_f,rph_disc_f,"¿(nombre) tiene dificultad para comunicarse, por ejemplo, dificultad para comprender o ser comprendido por otros?","1 = No, ninguna dificultad; 2 = Sí, algo de dificultad; 3 = Sí, mucha dificultad; 4 = No puede hacerlo; 96 = Sin dato",NA,No se usa
Original,rph_estadocivil,rph_estadocivil,¿Cuál es el estado conyugal o civil actual de (nombre)?,"1 = Casado/a o conviviente civil (con acuerdo de unión civil); 2 = Conviviente sin acuerdo de unión civil; 3 = Anulado/a, separado/a o divorciado/a; 4 = Viudo/a; 5 = Soltero/a; 88 = No sabe; 96 = Sin dato; 99 = No responde",NA,No se usa
Original,rph_situacion_laboral_a,rph_situacion_laboral_a,"Durante la semana pasada,  ¿tuvo (nombre) un trabajo, de al  menos una hora, por el cual  recibió o recibirá pago en dinero  o en especies?",1 = Sí; 2 = No; 96 = Sin dato,NA,No se usa
Original,rph_situacion_laboral_b,rph_situacion_laboral_b,"Aunque no trabajó la semana  pasada, ¿tenía (nombre) durante  dicho periodo un trabajo por el  cual recibe o recibirá un pago en  dinero o en especies?",1 = Sí; 2 = No; 96 = Sin dato,NA,No se usa
Original,rph_categoria_ocupacional,rph_categoria_ocupacional,En ese empleo (nombre) era:,1 = Empleador/a o patrón/a; 2 = Trabajador/a por cuenta propia; 3 = Asalariado/a del sector privado o público; 4 = Personal del servicio doméstico puertas adentro o puertas afuera; 5 = Familiar o personal no remunerado; 96 = Sin dato,NA,No se usa
Original,rph_ciuo,rph_ciuo,Clasificador Chileno de Ocupaciones CIUO 08.CL,"0 = Ocupaciones militares y cuerpos policiales; 1 = Directores, gerentes y administradores; 2 = Profesionales, científicos e intelectuales; 3 = Técnicos y profesionales de nivel medio; 4 = Personal de apoyo administrativo; 5 = Trabajadores de los servicios y vendedores; 6 = Agricultores y trabajadores agropecuarios y pesqueros; 7 = Oficiales, operarios y artesanos; 8 = Operadores de instalaciones, máquinas y ensambladores; 9 = Ocupaciones elementales; 96 = Sin dato; 99 = No clasificado",NA,No se usa
Original,rph_busqueda_empleo,rph_busqueda_empleo,Durante las últimas cuatro  semanas (nombre) ¿ha tratado  de encontrar algún empleo o ha  hecho alguna gestión para crear  su propia empresa o negocio?,1 = Sí; 2 = No; 96 = Sin dato,NA,No se usa
Original,rph_disponibilidad_trabajar,rph_disponibilidad_trabajar,"Si durante la semana pasada  (nombre) hubiera encontrado un  trabajo, ¿estaría disponible para  comenzar a trabajar de este  lunes que viene al otro?",1 = Sí; 2 = No; 96 = Sin dato,NA,No se usa
Original,rph_razon_inactividad,rph_razon_inactividad,¿Por qué razón (nombre) no buscó un empleo o no ha hecho preparativos para iniciar o reanudar una actividad por cuenta propia durante las últimas cuatro semanas?,"1 = Quehaceres del hogar; 2 = Responsabilidades familiares o permanentes (cuidado de hijos o personas dependientes); 3 = Estudiante; 4 = Jubilado/a, o pensionado/a; 5 = Rentista; 6 = Motivos de salud permanentes; 7 = Motivos de salud temporales; 8 = Otra situación; 96 = Sin dato",NA,No se usa
Original,rph_ocupados,rph_ocupados,Ocupados,0 = No Ocupado; 1 = Ocupado,NA,No se usa
Original,rph_desocupados,rph_desocupados,Desocupados,0 = No Desocupado; 1 = Desocupado,NA,No se usa
Original,rph_inactivos,rph_inactivos,Inactivos,0 = No Inactivo; 1 = Inactivo,NA,No se usa
Original,rph_proveedor,rph_proveedor,Proveedor principal,0 = No; 1 = Sí; 96 = Sin dato,NA,No se usa
Original,rph_nse,rph_nse,Nivel socioeconómico,1 = Bajo; 2 = Medio; 3 = Alto,NA,Se usa directamente como variable secundaria
Original,enc_region,enc_region,Región,1 = Región de Tarapacá; 2 = Región de Antofagasta; 3 = Región de Atacama; 4 = Región de Coquimbo; 5 = Región de Valparaíso; 6 = Región de O'Higgins; 7 = Región del Maule; 8 = Región del Biobío; 9 = Región de La Araucanía; 10 = Región de Los Lagos; 11 = Región de Aysén; 12 = Región de Magallanes; ...,NA,enc_region_rec
Original,vh_dc,VH_DC,Victimización a hogares por delitos consultados,0 = No; 1 = Sí; 96 = Sin dato,NA,No se usa
Original,vp_dc,VP_DC,Victimización a personas por delitos consultados,0 = No; 1 = Sí; 96 = Sin dato,NA,Se usa directamente como variable secundaria
Original,vh_dv,VH_DV,Victimización a hogares por delitos violentos,0 = No; 1 = Sí; 96 = Sin dato,NA,No se usa
Original,vp_dv,VP_DV,Victimización a personas por delitos violentos,0 = No; 1 = Sí; 96 = Sin dato,NA,Se usa directamente como variable secundaria
Original,p_fuente_info_pais_1,P_FUENTE_INFO_PAIS_1,¿Cuál es la principal fuente de información que le permite formarse una opinión sobre el nivel de delincuencia en el PAÍS?,"1 = La experiencia personal; 2 = Información proporcionada por familiares; 3 = Información de otras personas no familiares como amigos, vecinos o conocidos; 4 = Información recogida en redes sociales, tales como Facebook, Twitter, Tiktok y similares; 5 = Programas de noticias en televisión; 6 = Otros programas en televisión distintos a los noticiarios, como matinales, documentales o programas especiales; 7 = Periódicos nacionales en papel y/o electrónicos; 8 = Periódicos regionales o locales en papel y/o electrónicos; 9 = A través de la radio; 77 = Otros; 88 = No sabe; 96 = Sin dato; ...",NA,"info_exp_personal, info_otras_personas, info_prensa, info_rrss, info_tv"
Original,p_fuente_info_com_1,P_FUENTE_INFO_COM_1,¿Cuál es la principal fuente de información que le permite formarse una opinión sobre el nivel de delincuencia en su COMUNA?,"1 = La experiencia personal; 2 = Información proporcionada por familiares; 3 = Información de otras personas no familiares como amigos, vecinos o conocidos; 4 = Información recogida en redes sociales, tales como Facebook, Twitter, Tiktok y similares; 5 = Programas de noticias en televisión; 6 = Otros programas en televisión distintos a los noticiarios, como matinales, documentales o programas especiales; 7 = Periódicos nacionales en papel y/o electrónicos; 8 = Periódicos regionales o locales en papel y/o electrónicos; 9 = A través de la radio; 77 = Otros; 88 = No sabe; 96 = Sin dato; ...",NA,"info_exp_personal, info_otras_personas, info_prensa, info_rrss, info_tv"
Original,p_fuente_info_barrio_1,P_FUENTE_INFO_BARRIO_1,¿Cuál es la principal fuente de información que le permite formarse una opinión sobre el nivel de delincuencia en su BARRIO?,"1 = La experiencia personal; 2 = Información proporcionada por familiares; 3 = Información de otras personas no familiares como amigos, vecinos o conocidos; 4 = Información recogida en redes sociales, tales como Facebook, Twitter, Tiktok y similares; 5 = Programas de noticias en televisión; 6 = Otros programas en televisión distintos a los noticiarios, como matinales, documentales o programas especiales; 7 = Periódicos nacionales en papel y/o electrónicos; 8 = Periódicos regionales o locales en papel y/o electrónicos; 9 = A través de la radio; 77 = Otros; 88 = No sabe; 96 = Sin dato; ...",NA,"info_exp_personal, info_otras_personas, info_prensa, info_rrss, info_tv"
Original,p_desordenes_1,P_DESORDENES_1,"Durante los últimos doce meses ¿con qué frecuencia diría usted que suceden los siguientes desórdenes en su barrio? Rayados, marcas o pinturas en la propiedad pública o privada sin autorización",1 = Nunca; 2 = Casi nunca; 3 = Ocasionalmente; 4 = Casi siempre; 5 = Siempre; 88 = No sabe; 96 = Sin dato; 99 = No responde,NA,desordenes_ind
Original,p_desordenes_2,P_DESORDENES_2,Durante los últimos doce meses ¿con qué frecuencia diría usted que suceden los siguientes desórdenes en su barrio? Presencia de personas que habitan y/o duermen en la calle,1 = Nunca; 2 = Casi nunca; 3 = Ocasionalmente; 4 = Casi siempre; 5 = Siempre; 88 = No sabe; 96 = Sin dato; 99 = No responde,NA,desordenes_ind
Original,p_desordenes_3,P_DESORDENES_3,Durante los últimos doce meses ¿con qué frecuencia diría usted que suceden los siguientes desórdenes en su barrio? Presencia de comercio ilegal,1 = Nunca; 2 = Casi nunca; 3 = Ocasionalmente; 4 = Casi siempre; 5 = Siempre; 88 = No sabe; 96 = Sin dato; 99 = No responde,NA,desordenes_ind
Original,p_desordenes_4,P_DESORDENES_4,Durante los últimos doce meses ¿con qué frecuencia diría usted que suceden los siguientes desórdenes en su barrio? Consumo de alcohol o droga en la vía pública,1 = Nunca; 2 = Casi nunca; 3 = Ocasionalmente; 4 = Casi siempre; 5 = Siempre; 88 = No sabe; 96 = Sin dato; 99 = No responde,NA,desordenes_ind
Original,p_desordenes_5,P_DESORDENES_5,Durante los últimos doce meses ¿con qué frecuencia diría usted que suceden los siguientes desórdenes en su barrio? Venta clandestina de alcohol,1 = Nunca; 2 = Casi nunca; 3 = Ocasionalmente; 4 = Casi siempre; 5 = Siempre; 88 = No sabe; 96 = Sin dato; 99 = No responde,NA,desordenes_ind
Original,p_desordenes_6,P_DESORDENES_6,Durante los últimos doce meses ¿con qué frecuencia diría usted que suceden los siguientes desórdenes en su barrio? Sitios eriazos descuidados o acumulación de basura,1 = Nunca; 2 = Casi nunca; 3 = Ocasionalmente; 4 = Casi siempre; 5 = Siempre; 88 = No sabe; 96 = Sin dato; 99 = No responde,NA,desordenes_ind
Original,p_desordenes_7,P_DESORDENES_7,Durante los últimos doce meses ¿con qué frecuencia diría usted que suceden los siguientes desórdenes en su barrio? Prostitución o comercio sexual,1 = Nunca; 2 = Casi nunca; 3 = Ocasionalmente; 4 = Casi siempre; 5 = Siempre; 88 = No sabe; 96 = Sin dato; 99 = No responde,NA,desordenes_ind
Original,p_desordenes_8,P_DESORDENES_8,Durante los últimos doce meses ¿con qué frecuencia diría usted que suceden los siguientes desórdenes en su barrio? Lanzamiento de fuegos artificiales,1 = Nunca; 2 = Casi nunca; 3 = Ocasionalmente; 4 = Casi siempre; 5 = Siempre; 88 = No sabe; 96 = Sin dato; 99 = No responde,NA,desordenes_ind
Original,p_incivilidades_1,P_INCIVILIDADES_1,"Durante los últimos doce meses ¿con qué frecuencia diría usted que suceden las siguientes situaciones delictivas en su barrio? Vandalismo o daño a la propiedad pública o privada, excluyendo rayados o marcas",1 = Nunca; 2 = Casi nunca; 3 = Ocasionalmente; 4 = Casi siempre; 5 = Siempre; 88 = No sabe; 96 = Sin dato; 99 = No responde,NA,incivilidades_ind
Original,p_incivilidades_2,P_INCIVILIDADES_2,Durante los últimos doce meses ¿con qué frecuencia diría usted que suceden las siguientes situaciones delictivas en su barrio? Amenazas o peleas entre vecinos,1 = Nunca; 2 = Casi nunca; 3 = Ocasionalmente; 4 = Casi siempre; 5 = Siempre; 88 = No sabe; 96 = Sin dato; 99 = No responde,NA,incivilidades_ind
Original,p_incivilidades_3,P_INCIVILIDADES_3,Durante los últimos doce meses ¿con qué frecuencia diría usted que suceden las siguientes situaciones delictivas en su barrio? Presencia de pandillas violentas,1 = Nunca; 2 = Casi nunca; 3 = Ocasionalmente; 4 = Casi siempre; 5 = Siempre; 88 = No sabe; 96 = Sin dato; 99 = No responde,NA,incivilidades_ind
Original,p_incivilidades_4,P_INCIVILIDADES_4,Durante los últimos doce meses ¿con qué frecuencia diría usted que suceden las siguientes situaciones delictivas en su barrio? Peleas callejeras con armas blancas o de fuego,1 = Nunca; 2 = Casi nunca; 3 = Ocasionalmente; 4 = Casi siempre; 5 = Siempre; 88 = No sabe; 96 = Sin dato; 99 = No responde,NA,incivilidades_ind
Original,p_incivilidades_5,P_INCIVILIDADES_5,Durante los últimos doce meses ¿con qué frecuencia diría usted que suceden las siguientes situaciones delictivas en su barrio? Peleas callejeras sin armas,1 = Nunca; 2 = Casi nunca; 3 = Ocasionalmente; 4 = Casi siempre; 5 = Siempre; 88 = No sabe; 96 = Sin dato; 99 = No responde,NA,incivilidades_ind
Original,p_incivilidades_6,P_INCIVILIDADES_6,Durante los últimos doce meses ¿con qué frecuencia diría usted que suceden las siguientes situaciones delictivas en su barrio? Robos o asaltos en la vía pública,1 = Nunca; 2 = Casi nunca; 3 = Ocasionalmente; 4 = Casi siempre; 5 = Siempre; 88 = No sabe; 96 = Sin dato; 99 = No responde,NA,incivilidades_ind
Original,p_incivilidades_7,P_INCIVILIDADES_7,Durante los últimos doce meses ¿con qué frecuencia diría usted que suceden las siguientes situaciones delictivas en su barrio? Balaceras o disparos,1 = Nunca; 2 = Casi nunca; 3 = Ocasionalmente; 4 = Casi siempre; 5 = Siempre; 88 = No sabe; 96 = Sin dato; 99 = No responde,NA,incivilidades_ind
Fuente: índice,emper_ep_pct,NA,Inseguridad en Espacio público,"Continua, 0 a 100","emper_p_inseg_lugares_1, emper_p_inseg_lugares_2, emper_p_inseg_lugares_3, emper_p_inseg_lugares_4, emper_p_inseg_lugares_5, emper_p_inseg_lugares_6, emper_p_inseg_lugares_7, emper_p_inseg_lugares_8, emper_p_inseg_lugares_9, emper_p_inseg_lugares_10, emper_p_inseg_lugares_11",Insumo de su versión categorizada
Fuente: índice,emper_barrio_pct,NA,Inseguridad en Barrio,"Continua, 0 a 100","emper_p_inseg_oscuro_1, emper_p_inseg_dia_1",Insumo de su versión categorizada
Fuente: índice,emper_casa_pct,NA,Inseguridad en Casa,"Continua, 0 a 100","emper_p_inseg_oscuro_2, emper_p_inseg_dia_2",Insumo de su versión categorizada
Fuente: índice,comper_pct,NA,Modifica comportamiento,"Continua, 0 a 100","comper_p_mod_actividades_1, comper_p_mod_actividades_2, comper_p_mod_actividades_3, comper_p_mod_actividades_4, comper_p_mod_actividades_5, comper_p_mod_actividades_6, comper_p_mod_actividades_7, comper_p_mod_actividades_8, comper_p_mod_actividades_9, comper_p_mod_actividades_10, comper_p_mod_actividades_11, comper_p_mod_actividades_12, comper_p_mod_actividades_13",Insumo de su versión categorizada
Fuente: categorizada,emper_ep_pct_cat,NA,Inseguridad en espacio público (categorizada),1 = Sin inseguridad en espacio público; 2 = Inseguridad en hasta la mitad de los lugares; 3 = Inseguridad en más de la mitad de los lugares; 85 = No aplica; 88 = No sabe; 99 = No responde,emper_ep_pct,Entra al modelo (MCA)
Fuente: categorizada,emper_barrio_pct_cat,NA,Inseguridad en el barrio (categorizada),"1 = Sin inseguridad en el barrio; 2 = Inseguridad en el barrio, de día o de noche; 3 = Inseguridad en el barrio, de día y de noche; 85 = No aplica; 88 = No sabe; 99 = No responde",emper_barrio_pct,Entra al modelo (MCA)
Fuente: categorizada,emper_casa_pct_cat,NA,Inseguridad en la casa (categorizada),"1 = Sin inseguridad en la casa; 2 = Inseguridad en la casa, de día o de noche; 3 = Inseguridad en la casa, de día y de noche; 85 = No aplica; 88 = No sabe; 99 = No responde",emper_casa_pct,Entra al modelo (MCA)
Fuente: categorizada,perper_delito,NA,Expectativa de ser victima delito,1 = No cree que será victima de delito; 2 = Cree que será victima de delito no violento; 3 = Cree que será victima de delito violento; 4 = No sabe/No responde si cree que será victima de delito; 5 = Cree que será victima de otro tipo de delito; 6 = No sabe/No responde de qué delito será victima,"perper_p_expos_delito, perper_p_delito_pronostico_1, perper_p_delito_pronostico_2, perper_p_delito_pronostico_3, perper_p_delito_pronostico_4, perper_p_delito_pronostico_6, perper_p_delito_pronostico_9, perper_p_delito_pronostico_10, perper_p_delito_pronostico_11, perper_p_delito_pronostico_5, perper_p_delito_pronostico_7, perper_p_delito_pronostico_8, perper_p_expos_delito, perper_p_delito_pronostico_77, perper_p_delito_pronostico_88, perper_p_delito_pronostico_99",Entra al modelo (MCA)
Fuente: categorizada,comper_pct_cat,NA,Modificación de prácticas (categorizada),1 = No modificó prácticas; 2 = Modificó hasta la mitad de las prácticas; 3 = Modificó más de la mitad de las prácticas; 85 = No aplica; 88 = No sabe; 99 = No responde,comper_pct,Entra al modelo (MCA)
Fuente: categorizada,comper_gasto,NA,Gasta en medidas de seguridad,0 = No gasta en medidas de seguridad; 1 = Gasta en medidas de seguridad; 88 = No sabe; 99 = No responde,comper_costos_medidas,Entra al modelo (MCA)
Fuente: categorizada,comgen_per_pct_cat,NA,Medidas de seguridad de la vivienda (categorizada),1 = Sin medidas en la vivienda; 2 = Una o dos medidas en la vivienda; 3 = Tres o más medidas en la vivienda; 85 = No aplica; 88 = No sabe; 99 = No responde,"comgen_medidas_perro, comgen_medidas_alarma_privada, comgen_medidas_camaras_vigilancia, comgen_medidas_rejas, comgen_medidas_cerco, comgen_medidas_proteccion, comgen_medidas_seguro, comgen_medidas_foco, comgen_medidas_otro",Entra al modelo (MCA)
Fuente: categorizada,comgen_com_pct_cat,NA,Medidas de seguridad del barrio (categorizada),1 = Sin medidas en el barrio; 2 = Una medida en el barrio; 3 = Dos o más medidas en el barrio; 85 = No aplica; 88 = No sabe; 99 = No responde,"comgen_vecinos_medidas_whatsapp, comgen_vecinos_medidas_vigilancia, comgen_vecinos_medidas_al_comunit, comgen_vecinos_medidas_coord_pol, comgen_vecinos_medidas_coord_mun, comgen_vecinos_medidas_televig, comgen_vecinos_medidas_privad, comgen_vecinos_medidas_otro",Entra al modelo (MCA)
Cluster,clusters_4,NA,Solución de 4 grupos,C1; C2; C3; C4,"emper_ep_pct_cat, emper_barrio_pct_cat, emper_casa_pct_cat, perper_delito, comper_pct_cat, comper_gasto, comgen_per_pct_cat, comgen_com_pct_cat",Resultado del modelo
Cluster,clusters_5,NA,Solución de 5 grupos,C1; C2; C3; C4; C5,"emper_ep_pct_cat, emper_barrio_pct_cat, emper_casa_pct_cat, perper_delito, comper_pct_cat, comper_gasto, comgen_per_pct_cat, comgen_com_pct_cat",Resultado del modelo
Cluster,clusters_6,NA,Solución de 6 grupos,C1; C2; C3; C4; C5; C6,"emper_ep_pct_cat, emper_barrio_pct_cat, emper_casa_pct_cat, perper_delito, comper_pct_cat, comper_gasto, comgen_per_pct_cat, comgen_com_pct_cat",Resultado del modelo
Secundaria,rph_sexo,rph_sexo,¿Cuál es el sexo de (nombre)?,1 = Hombre; 2 = Mujer,"Directa de la ENUSC, sin transformar","Describe los grupos, no entra al modelo"
Secundaria,rph_nivel_rec,NA,Nivel educacional (rec),1 = Educación básica o menos; 2 = Educación secundaria; 3 = Educación terciaria; 96 = Sin dato; 99 = Nivel ignorado,rph_nivel,"Describe los grupos, no entra al modelo"
Secundaria,rph_edad_rec,NA,Edad (rec),1 = 0 a 29 años; 2 = 30 a 59 años; 3 = 60 años o más,rph_edad,"Describe los grupos, no entra al modelo"
Secundaria,rph_nse,rph_nse,Nivel socioeconómico,1 = Bajo; 2 = Medio; 3 = Alto,"Directa de la ENUSC, sin transformar","Describe los grupos, no entra al modelo"
Secundaria,enc_region_rec,NA,Región (rec),1 = Zona norte; 2 = Zona centro; 3 = Zona sur; 4 = Zona metropolitana,enc_region,"Describe los grupos, no entra al modelo"
Secundaria,vp_dc,VP_DC,Victimización a personas por delitos consultados,0 = No; 1 = Sí; 96 = Sin dato,"Directa de la ENUSC, sin transformar","Describe los grupos, no entra al modelo"
Secundaria,vp_dv,VP_DV,Victimización a personas por delitos violentos,0 = No; 1 = Sí; 96 = Sin dato,"Directa de la ENUSC, sin transformar","Describe los grupos, no entra al modelo"
Secundaria,desordenes_ind_rec,NA,Indice de desordenes (rec),1 = Baja percepción de desordenes; 2 = Media percepción de desordenes; 3 = Alta percepción de desordenes,"Directa de la ENUSC, sin transformar","Describe los grupos, no entra al modelo"
Secundaria,incivilidades_ind_rec,NA,Indice de incivilidades (rec),1 = Baja percepción de incivilidades; 2 = Media percepción de incivilidades; 3 = Alta percepción de incivilidades,"Directa de la ENUSC, sin transformar","Describe los grupos, no entra al modelo"
Secundaria,info_exp_personal,NA,Se informa por experiencia personal,0 = No se informa por experiencia personal; 1 = Se informa por experiencia personal; 88 = No sabe; 99 = No responde,"p_fuente_info_pais_1, p_fuente_info_com_1, p_fuente_info_barrio_1","Describe los grupos, no entra al modelo"
Secundaria,info_otras_personas,NA,Se informa por otras personas,0 = No se informa por otras personas; 1 = Se informa por otras personas; 88 = No sabe; 99 = No responde,"p_fuente_info_pais_1, p_fuente_info_com_1, p_fuente_info_barrio_1","Describe los grupos, no entra al modelo"
Secundaria,info_rrss,NA,Se informa por RRSS,0 = No se informa por RRSS; 1 = Se informa por RRSS; 88 = No sabe; 99 = No responde,"p_fuente_info_pais_1, p_fuente_info_com_1, p_fuente_info_barrio_1","Describe los grupos, no entra al modelo"
Secundaria,info_prensa,NA,Se informa por prensa,0 = No se informa por prensa; 1 = Se informa por prensa; 88 = No sabe; 99 = No responde,"p_fuente_info_pais_1, p_fuente_info_com_1, p_fuente_info_barrio_1","Describe los grupos, no entra al modelo"
Secundaria,info_tv,NA,Se informa por TV,0 = No se informa por noticias; 1 = Se informa por noticias; 88 = No sabe; 99 = No responde,"p_fuente_info_pais_1, p_fuente_info_com_1, p_fuente_info_barrio_1","Describe los grupos, no entra al modelo"
