dimension,pregunta,categoria,variable,val,label,frq,raw.prc,valid.prc,cum.prc
emper,"Durante los últimos doce meses, según su experiencia, ¿qué tan seguro/a se siente...",Trasladándose en su vehículo,emper_p_inseg_lugares_1,1,Muy inseguro/a,784756,5.9,5.9,5.9
emper,"Durante los últimos doce meses, según su experiencia, ¿qué tan seguro/a se siente...",Trasladándose en su vehículo,emper_p_inseg_lugares_1,2,Inseguro/a,3248068,24.43,24.43,30.33
emper,"Durante los últimos doce meses, según su experiencia, ¿qué tan seguro/a se siente...",Trasladándose en su vehículo,emper_p_inseg_lugares_1,3,Seguro/a,3957208,29.76,29.76,60.09
emper,"Durante los últimos doce meses, según su experiencia, ¿qué tan seguro/a se siente...",Trasladándose en su vehículo,emper_p_inseg_lugares_1,4,Muy seguro/a,547710,4.12,4.12,64.21
emper,"Durante los últimos doce meses, según su experiencia, ¿qué tan seguro/a se siente...",Trasladándose en su vehículo,emper_p_inseg_lugares_1,85,No aplica,4732431,35.59,35.59,99.81
emper,"Durante los últimos doce meses, según su experiencia, ¿qué tan seguro/a se siente...",Trasladándose en su vehículo,emper_p_inseg_lugares_1,88,No sabe,17689,0.13,0.13,99.94
emper,"Durante los últimos doce meses, según su experiencia, ¿qué tan seguro/a se siente...",Trasladándose en su vehículo,emper_p_inseg_lugares_1,96,Sin dato,0,0,0,99.94
emper,"Durante los últimos doce meses, según su experiencia, ¿qué tan seguro/a se siente...",Trasladándose en su vehículo,emper_p_inseg_lugares_1,99,No responde,8195,0.06,0.06,100
emper,"Durante los últimos doce meses, según su experiencia, ¿qué tan seguro/a se siente...",Esperando transporte público,emper_p_inseg_lugares_2,1,Muy inseguro/a,1288853,9.69,9.69,9.69
emper,"Durante los últimos doce meses, según su experiencia, ¿qué tan seguro/a se siente...",Esperando transporte público,emper_p_inseg_lugares_2,2,Inseguro/a,5269945,39.64,39.64,49.33
emper,"Durante los últimos doce meses, según su experiencia, ¿qué tan seguro/a se siente...",Esperando transporte público,emper_p_inseg_lugares_2,3,Seguro/a,4146067,31.18,31.18,80.51
emper,"Durante los últimos doce meses, según su experiencia, ¿qué tan seguro/a se siente...",Esperando transporte público,emper_p_inseg_lugares_2,4,Muy seguro/a,255512,1.92,1.92,82.43
emper,"Durante los últimos doce meses, según su experiencia, ¿qué tan seguro/a se siente...",Esperando transporte público,emper_p_inseg_lugares_2,85,No aplica,2300377,17.3,17.3,99.73
emper,"Durante los últimos doce meses, según su experiencia, ¿qué tan seguro/a se siente...",Esperando transporte público,emper_p_inseg_lugares_2,88,No sabe,32820,0.25,0.25,99.98
emper,"Durante los últimos doce meses, según su experiencia, ¿qué tan seguro/a se siente...",Esperando transporte público,emper_p_inseg_lugares_2,96,Sin dato,0,0,0,99.98
emper,"Durante los últimos doce meses, según su experiencia, ¿qué tan seguro/a se siente...",Esperando transporte público,emper_p_inseg_lugares_2,99,No responde,2486,0.02,0.02,100
emper,"Durante los últimos doce meses, según su experiencia, ¿qué tan seguro/a se siente...",Trasladándose en buses o micros de transporte público,emper_p_inseg_lugares_3,1,Muy inseguro/a,952372,7.16,7.16,7.16
emper,"Durante los últimos doce meses, según su experiencia, ¿qué tan seguro/a se siente...",Trasladándose en buses o micros de transporte público,emper_p_inseg_lugares_3,2,Inseguro/a,5090255,38.28,38.28,45.45
emper,"Durante los últimos doce meses, según su experiencia, ¿qué tan seguro/a se siente...",Trasladándose en buses o micros de transporte público,emper_p_inseg_lugares_3,3,Seguro/a,4254485,32,32,77.44
emper,"Durante los últimos doce meses, según su experiencia, ¿qué tan seguro/a se siente...",Trasladándose en buses o micros de transporte público,emper_p_inseg_lugares_3,4,Muy seguro/a,222566,1.67,1.67,79.12
emper,"Durante los últimos doce meses, según su experiencia, ¿qué tan seguro/a se siente...",Trasladándose en buses o micros de transporte público,emper_p_inseg_lugares_3,85,No aplica,2741693,20.62,20.62,99.74
emper,"Durante los últimos doce meses, según su experiencia, ¿qué tan seguro/a se siente...",Trasladándose en buses o micros de transporte público,emper_p_inseg_lugares_3,88,No sabe,33012,0.25,0.25,99.99
emper,"Durante los últimos doce meses, según su experiencia, ¿qué tan seguro/a se siente...",Trasladándose en buses o micros de transporte público,emper_p_inseg_lugares_3,96,Sin dato,0,0,0,99.99
emper,"Durante los últimos doce meses, según su experiencia, ¿qué tan seguro/a se siente...",Trasladándose en buses o micros de transporte público,emper_p_inseg_lugares_3,99,No responde,1675,0.01,0.01,100
emper,"Durante los últimos doce meses, según su experiencia, ¿qué tan seguro/a se siente...",Trasladándose en taxis o colectivos,emper_p_inseg_lugares_4,1,Muy inseguro/a,358089,2.69,2.69,2.69
emper,"Durante los últimos doce meses, según su experiencia, ¿qué tan seguro/a se siente...",Trasladándose en taxis o colectivos,emper_p_inseg_lugares_4,2,Inseguro/a,2685650,20.2,20.2,22.89
emper,"Durante los últimos doce meses, según su experiencia, ¿qué tan seguro/a se siente...",Trasladándose en taxis o colectivos,emper_p_inseg_lugares_4,3,Seguro/a,5887225,44.28,44.28,67.17
emper,"Durante los últimos doce meses, según su experiencia, ¿qué tan seguro/a se siente...",Trasladándose en taxis o colectivos,emper_p_inseg_lugares_4,4,Muy seguro/a,409125,3.08,3.08,70.25
emper,"Durante los últimos doce meses, según su experiencia, ¿qué tan seguro/a se siente...",Trasladándose en taxis o colectivos,emper_p_inseg_lugares_4,85,No aplica,3910234,29.41,29.41,99.66
emper,"Durante los últimos doce meses, según su experiencia, ¿qué tan seguro/a se siente...",Trasladándose en taxis o colectivos,emper_p_inseg_lugares_4,88,No sabe,44339,0.33,0.33,99.99
emper,"Durante los últimos doce meses, según su experiencia, ¿qué tan seguro/a se siente...",Trasladándose en taxis o colectivos,emper_p_inseg_lugares_4,96,Sin dato,0,0,0,99.99
emper,"Durante los últimos doce meses, según su experiencia, ¿qué tan seguro/a se siente...",Trasladándose en taxis o colectivos,emper_p_inseg_lugares_4,99,No responde,1394,0.01,0.01,100
emper,"Durante los últimos doce meses, según su experiencia, ¿qué tan seguro/a se siente...","Trasladándose en vehículos de aplicación, tales como Uber, Cabify, Didi o similar",emper_p_inseg_lugares_5,1,Muy inseguro/a,413102,3.11,3.11,3.11
emper,"Durante los últimos doce meses, según su experiencia, ¿qué tan seguro/a se siente...","Trasladándose en vehículos de aplicación, tales como Uber, Cabify, Didi o similar",emper_p_inseg_lugares_5,2,Inseguro/a,2554944,19.22,19.22,22.32
emper,"Durante los últimos doce meses, según su experiencia, ¿qué tan seguro/a se siente...","Trasladándose en vehículos de aplicación, tales como Uber, Cabify, Didi o similar",emper_p_inseg_lugares_5,3,Seguro/a,5463964,41.09,41.09,63.42
emper,"Durante los últimos doce meses, según su experiencia, ¿qué tan seguro/a se siente...","Trasladándose en vehículos de aplicación, tales como Uber, Cabify, Didi o similar",emper_p_inseg_lugares_5,4,Muy seguro/a,581603,4.37,4.37,67.79
emper,"Durante los últimos doce meses, según su experiencia, ¿qué tan seguro/a se siente...","Trasladándose en vehículos de aplicación, tales como Uber, Cabify, Didi o similar",emper_p_inseg_lugares_5,85,No aplica,4226471,31.79,31.79,99.58
emper,"Durante los últimos doce meses, según su experiencia, ¿qué tan seguro/a se siente...","Trasladándose en vehículos de aplicación, tales como Uber, Cabify, Didi o similar",emper_p_inseg_lugares_5,88,No sabe,53528,0.4,0.4,99.98
emper,"Durante los últimos doce meses, según su experiencia, ¿qué tan seguro/a se siente...","Trasladándose en vehículos de aplicación, tales como Uber, Cabify, Didi o similar",emper_p_inseg_lugares_5,96,Sin dato,0,0,0,99.98
emper,"Durante los últimos doce meses, según su experiencia, ¿qué tan seguro/a se siente...","Trasladándose en vehículos de aplicación, tales como Uber, Cabify, Didi o similar",emper_p_inseg_lugares_5,99,No responde,2447,0.02,0.02,100
emper,"Durante los últimos doce meses, según su experiencia, ¿qué tan seguro/a se siente...","Trasladándose en Metro, Biotrén, Merval o Metrotren",emper_p_inseg_lugares_6,1,Muy inseguro/a,404111,3.04,3.04,3.04
emper,"Durante los últimos doce meses, según su experiencia, ¿qué tan seguro/a se siente...","Trasladándose en Metro, Biotrén, Merval o Metrotren",emper_p_inseg_lugares_6,2,Inseguro/a,2677373,20.14,20.14,23.18
emper,"Durante los últimos doce meses, según su experiencia, ¿qué tan seguro/a se siente...","Trasladándose en Metro, Biotrén, Merval o Metrotren",emper_p_inseg_lugares_6,3,Seguro/a,4128483,31.05,31.05,54.23
emper,"Durante los últimos doce meses, según su experiencia, ¿qué tan seguro/a se siente...","Trasladándose en Metro, Biotrén, Merval o Metrotren",emper_p_inseg_lugares_6,4,Muy seguro/a,528631,3.98,3.98,58.2
emper,"Durante los últimos doce meses, según su experiencia, ¿qué tan seguro/a se siente...","Trasladándose en Metro, Biotrén, Merval o Metrotren",emper_p_inseg_lugares_6,85,No aplica,5507988,41.43,41.43,99.63
emper,"Durante los últimos doce meses, según su experiencia, ¿qué tan seguro/a se siente...","Trasladándose en Metro, Biotrén, Merval o Metrotren",emper_p_inseg_lugares_6,88,No sabe,43692,0.33,0.33,99.96
emper,"Durante los últimos doce meses, según su experiencia, ¿qué tan seguro/a se siente...","Trasladándose en Metro, Biotrén, Merval o Metrotren",emper_p_inseg_lugares_6,96,Sin dato,0,0,0,99.96
emper,"Durante los últimos doce meses, según su experiencia, ¿qué tan seguro/a se siente...","Trasladándose en Metro, Biotrén, Merval o Metrotren",emper_p_inseg_lugares_6,99,No responde,5779,0.04,0.04,100
emper,"Durante los últimos doce meses, según su experiencia, ¿qué tan seguro/a se siente...","En un restaurante, bar, pub, café, discoteque u otro lugar de recreación",emper_p_inseg_lugares_7,1,Muy inseguro/a,306195,2.3,2.3,2.3
emper,"Durante los últimos doce meses, según su experiencia, ¿qué tan seguro/a se siente...","En un restaurante, bar, pub, café, discoteque u otro lugar de recreación",emper_p_inseg_lugares_7,2,Inseguro/a,3329901,25.04,25.04,27.35
emper,"Durante los últimos doce meses, según su experiencia, ¿qué tan seguro/a se siente...","En un restaurante, bar, pub, café, discoteque u otro lugar de recreación",emper_p_inseg_lugares_7,3,Seguro/a,6805572,51.18,51.18,78.53
emper,"Durante los últimos doce meses, según su experiencia, ¿qué tan seguro/a se siente...","En un restaurante, bar, pub, café, discoteque u otro lugar de recreación",emper_p_inseg_lugares_7,4,Muy seguro/a,473086,3.56,3.56,82.09
emper,"Durante los últimos doce meses, según su experiencia, ¿qué tan seguro/a se siente...","En un restaurante, bar, pub, café, discoteque u otro lugar de recreación",emper_p_inseg_lugares_7,85,No aplica,2298392,17.29,17.29,99.38
emper,"Durante los últimos doce meses, según su experiencia, ¿qué tan seguro/a se siente...","En un restaurante, bar, pub, café, discoteque u otro lugar de recreación",emper_p_inseg_lugares_7,88,No sabe,79242,0.6,0.6,99.97
emper,"Durante los últimos doce meses, según su experiencia, ¿qué tan seguro/a se siente...","En un restaurante, bar, pub, café, discoteque u otro lugar de recreación",emper_p_inseg_lugares_7,96,Sin dato,0,0,0,99.97
emper,"Durante los últimos doce meses, según su experiencia, ¿qué tan seguro/a se siente...","En un restaurante, bar, pub, café, discoteque u otro lugar de recreación",emper_p_inseg_lugares_7,99,No responde,3670,0.03,0.03,100
emper,"Durante los últimos doce meses, según su experiencia, ¿qué tan seguro/a se siente...",En un terminal de buses o ferrocarriles,emper_p_inseg_lugares_8,1,Muy inseguro/a,1429228,10.75,10.75,10.75
emper,"Durante los últimos doce meses, según su experiencia, ¿qué tan seguro/a se siente...",En un terminal de buses o ferrocarriles,emper_p_inseg_lugares_8,2,Inseguro/a,5226983,39.31,39.31,50.06
emper,"Durante los últimos doce meses, según su experiencia, ¿qué tan seguro/a se siente...",En un terminal de buses o ferrocarriles,emper_p_inseg_lugares_8,3,Seguro/a,2993515,22.51,22.51,72.58
emper,"Durante los últimos doce meses, según su experiencia, ¿qué tan seguro/a se siente...",En un terminal de buses o ferrocarriles,emper_p_inseg_lugares_8,4,Muy seguro/a,132943,1,1,73.58
emper,"Durante los últimos doce meses, según su experiencia, ¿qué tan seguro/a se siente...",En un terminal de buses o ferrocarriles,emper_p_inseg_lugares_8,85,No aplica,3413781,25.68,25.68,99.25
emper,"Durante los últimos doce meses, según su experiencia, ¿qué tan seguro/a se siente...",En un terminal de buses o ferrocarriles,emper_p_inseg_lugares_8,88,No sabe,96995,0.73,0.73,99.98
emper,"Durante los últimos doce meses, según su experiencia, ¿qué tan seguro/a se siente...",En un terminal de buses o ferrocarriles,emper_p_inseg_lugares_8,96,Sin dato,0,0,0,99.98
emper,"Durante los últimos doce meses, según su experiencia, ¿qué tan seguro/a se siente...",En un terminal de buses o ferrocarriles,emper_p_inseg_lugares_8,99,No responde,2613,0.02,0.02,100
emper,"Durante los últimos doce meses, según su experiencia, ¿qué tan seguro/a se siente...",En un terminal aéreo o aeropuerto,emper_p_inseg_lugares_9,1,Muy inseguro/a,111948,0.84,0.84,0.84
emper,"Durante los últimos doce meses, según su experiencia, ¿qué tan seguro/a se siente...",En un terminal aéreo o aeropuerto,emper_p_inseg_lugares_9,2,Inseguro/a,992611,7.47,7.47,8.31
emper,"Durante los últimos doce meses, según su experiencia, ¿qué tan seguro/a se siente...",En un terminal aéreo o aeropuerto,emper_p_inseg_lugares_9,3,Seguro/a,5155077,38.77,38.77,47.08
emper,"Durante los últimos doce meses, según su experiencia, ¿qué tan seguro/a se siente...",En un terminal aéreo o aeropuerto,emper_p_inseg_lugares_9,4,Muy seguro/a,1011758,7.61,7.61,54.69
emper,"Durante los últimos doce meses, según su experiencia, ¿qué tan seguro/a se siente...",En un terminal aéreo o aeropuerto,emper_p_inseg_lugares_9,85,No aplica,5880084,44.22,44.22,98.91
emper,"Durante los últimos doce meses, según su experiencia, ¿qué tan seguro/a se siente...",En un terminal aéreo o aeropuerto,emper_p_inseg_lugares_9,88,No sabe,142559,1.07,1.07,99.98
emper,"Durante los últimos doce meses, según su experiencia, ¿qué tan seguro/a se siente...",En un terminal aéreo o aeropuerto,emper_p_inseg_lugares_9,96,Sin dato,0,0,0,99.98
emper,"Durante los últimos doce meses, según su experiencia, ¿qué tan seguro/a se siente...",En un terminal aéreo o aeropuerto,emper_p_inseg_lugares_9,99,No responde,2021,0.02,0.02,100
emper,"Durante los últimos doce meses, según su experiencia, ¿qué tan seguro/a se siente...",En centros comerciales o malls,emper_p_inseg_lugares_10,1,Muy inseguro/a,305377,2.3,2.3,2.3
emper,"Durante los últimos doce meses, según su experiencia, ¿qué tan seguro/a se siente...",En centros comerciales o malls,emper_p_inseg_lugares_10,2,Inseguro/a,3935341,29.6,29.6,31.89
emper,"Durante los últimos doce meses, según su experiencia, ¿qué tan seguro/a se siente...",En centros comerciales o malls,emper_p_inseg_lugares_10,3,Seguro/a,7700756,57.92,57.92,89.81
emper,"Durante los últimos doce meses, según su experiencia, ¿qué tan seguro/a se siente...",En centros comerciales o malls,emper_p_inseg_lugares_10,4,Muy seguro/a,483464,3.64,3.64,93.45
emper,"Durante los últimos doce meses, según su experiencia, ¿qué tan seguro/a se siente...",En centros comerciales o malls,emper_p_inseg_lugares_10,85,No aplica,832208,6.26,6.26,99.71
emper,"Durante los últimos doce meses, según su experiencia, ¿qué tan seguro/a se siente...",En centros comerciales o malls,emper_p_inseg_lugares_10,88,No sabe,35794,0.27,0.27,99.98
emper,"Durante los últimos doce meses, según su experiencia, ¿qué tan seguro/a se siente...",En centros comerciales o malls,emper_p_inseg_lugares_10,96,Sin dato,0,0,0,99.98
emper,"Durante los últimos doce meses, según su experiencia, ¿qué tan seguro/a se siente...",En centros comerciales o malls,emper_p_inseg_lugares_10,99,No responde,3120,0.02,0.02,100
emper,"Durante los últimos doce meses, según su experiencia, ¿qué tan seguro/a se siente...",En una bencinera o servicentro,emper_p_inseg_lugares_11,1,Muy inseguro/a,748359,5.63,5.63,5.63
emper,"Durante los últimos doce meses, según su experiencia, ¿qué tan seguro/a se siente...",En una bencinera o servicentro,emper_p_inseg_lugares_11,2,Inseguro/a,4598973,34.59,34.59,40.22
emper,"Durante los últimos doce meses, según su experiencia, ¿qué tan seguro/a se siente...",En una bencinera o servicentro,emper_p_inseg_lugares_11,3,Seguro/a,4639274,34.89,34.89,75.11
emper,"Durante los últimos doce meses, según su experiencia, ¿qué tan seguro/a se siente...",En una bencinera o servicentro,emper_p_inseg_lugares_11,4,Muy seguro/a,203699,1.53,1.53,76.64
emper,"Durante los últimos doce meses, según su experiencia, ¿qué tan seguro/a se siente...",En una bencinera o servicentro,emper_p_inseg_lugares_11,85,No aplica,3017728,22.7,22.7,99.34
emper,"Durante los últimos doce meses, según su experiencia, ¿qué tan seguro/a se siente...",En una bencinera o servicentro,emper_p_inseg_lugares_11,88,No sabe,83891,0.63,0.63,99.97
emper,"Durante los últimos doce meses, según su experiencia, ¿qué tan seguro/a se siente...",En una bencinera o servicentro,emper_p_inseg_lugares_11,96,Sin dato,0,0,0,99.97
emper,"Durante los últimos doce meses, según su experiencia, ¿qué tan seguro/a se siente...",En una bencinera o servicentro,emper_p_inseg_lugares_11,99,No responde,4134,0.03,0.03,100
emper,"Durante los últimos doce meses, según su experiencia, ¿qué tan seguro/a se siente...",En plazas o parques de su barrio,emper_p_inseg_lugares_12,1,Muy inseguro/a,857444,6.45,6.45,6.45
emper,"Durante los últimos doce meses, según su experiencia, ¿qué tan seguro/a se siente...",En plazas o parques de su barrio,emper_p_inseg_lugares_12,2,Inseguro/a,5013559,37.71,37.71,44.16
emper,"Durante los últimos doce meses, según su experiencia, ¿qué tan seguro/a se siente...",En plazas o parques de su barrio,emper_p_inseg_lugares_12,3,Seguro/a,5416648,40.74,40.74,84.89
emper,"Durante los últimos doce meses, según su experiencia, ¿qué tan seguro/a se siente...",En plazas o parques de su barrio,emper_p_inseg_lugares_12,4,Muy seguro/a,360271,2.71,2.71,87.6
emper,"Durante los últimos doce meses, según su experiencia, ¿qué tan seguro/a se siente...",En plazas o parques de su barrio,emper_p_inseg_lugares_12,85,No aplica,1582131,11.9,11.9,99.5
emper,"Durante los últimos doce meses, según su experiencia, ¿qué tan seguro/a se siente...",En plazas o parques de su barrio,emper_p_inseg_lugares_12,88,No sabe,63236,0.48,0.48,99.98
emper,"Durante los últimos doce meses, según su experiencia, ¿qué tan seguro/a se siente...",En plazas o parques de su barrio,emper_p_inseg_lugares_12,96,Sin dato,0,0,0,99.98
emper,"Durante los últimos doce meses, según su experiencia, ¿qué tan seguro/a se siente...",En plazas o parques de su barrio,emper_p_inseg_lugares_12,99,No responde,2770,0.02,0.02,100
emper,"Durante los últimos doce meses, según su experiencia, ¿qué tan seguro/a se siente...",En comercios de su barrio,emper_p_inseg_lugares_13,1,Muy inseguro/a,270512,2.03,2.03,2.03
emper,"Durante los últimos doce meses, según su experiencia, ¿qué tan seguro/a se siente...",En comercios de su barrio,emper_p_inseg_lugares_13,2,Inseguro/a,3335147,25.08,25.08,27.12
emper,"Durante los últimos doce meses, según su experiencia, ¿qué tan seguro/a se siente...",En comercios de su barrio,emper_p_inseg_lugares_13,3,Seguro/a,8885532,66.83,66.83,93.95
emper,"Durante los últimos doce meses, según su experiencia, ¿qué tan seguro/a se siente...",En comercios de su barrio,emper_p_inseg_lugares_13,4,Muy seguro/a,458771,3.45,3.45,97.4
emper,"Durante los últimos doce meses, según su experiencia, ¿qué tan seguro/a se siente...",En comercios de su barrio,emper_p_inseg_lugares_13,85,No aplica,325178,2.45,2.45,99.84
emper,"Durante los últimos doce meses, según su experiencia, ¿qué tan seguro/a se siente...",En comercios de su barrio,emper_p_inseg_lugares_13,88,No sabe,20266,0.15,0.15,100
emper,"Durante los últimos doce meses, según su experiencia, ¿qué tan seguro/a se siente...",En comercios de su barrio,emper_p_inseg_lugares_13,96,Sin dato,0,0,0,100
emper,"Durante los últimos doce meses, según su experiencia, ¿qué tan seguro/a se siente...",En comercios de su barrio,emper_p_inseg_lugares_13,99,No responde,652,0,0,100
emper,"Durante los últimos doce meses, según su experiencia, ¿qué tan seguro/a se siente...",En su lugar de trabajo,emper_p_inseg_lugares_14,1,Muy inseguro/a,211624,1.59,1.59,1.59
emper,"Durante los últimos doce meses, según su experiencia, ¿qué tan seguro/a se siente...",En su lugar de trabajo,emper_p_inseg_lugares_14,2,Inseguro/a,1320036,9.93,9.93,11.52
emper,"Durante los últimos doce meses, según su experiencia, ¿qué tan seguro/a se siente...",En su lugar de trabajo,emper_p_inseg_lugares_14,3,Seguro/a,5594903,42.08,42.08,53.6
emper,"Durante los últimos doce meses, según su experiencia, ¿qué tan seguro/a se siente...",En su lugar de trabajo,emper_p_inseg_lugares_14,4,Muy seguro/a,1340462,10.08,10.08,63.68
emper,"Durante los últimos doce meses, según su experiencia, ¿qué tan seguro/a se siente...",En su lugar de trabajo,emper_p_inseg_lugares_14,85,No aplica,4810065,36.18,36.18,99.86
emper,"Durante los últimos doce meses, según su experiencia, ¿qué tan seguro/a se siente...",En su lugar de trabajo,emper_p_inseg_lugares_14,88,No sabe,17171,0.13,0.13,99.99
emper,"Durante los últimos doce meses, según su experiencia, ¿qué tan seguro/a se siente...",En su lugar de trabajo,emper_p_inseg_lugares_14,96,Sin dato,0,0,0,99.99
emper,"Durante los últimos doce meses, según su experiencia, ¿qué tan seguro/a se siente...",En su lugar de trabajo,emper_p_inseg_lugares_14,99,No responde,1796,0.01,0.01,100
emper,"Durante los últimos doce meses, según su experiencia, ¿qué tan seguro/a se siente...",En su lugar de estudio,emper_p_inseg_lugares_15,1,Muy inseguro/a,35297,0.27,0.27,0.27
emper,"Durante los últimos doce meses, según su experiencia, ¿qué tan seguro/a se siente...",En su lugar de estudio,emper_p_inseg_lugares_15,2,Inseguro/a,250184,1.88,1.88,2.15
emper,"Durante los últimos doce meses, según su experiencia, ¿qué tan seguro/a se siente...",En su lugar de estudio,emper_p_inseg_lugares_15,3,Seguro/a,1414713,10.64,10.64,12.79
emper,"Durante los últimos doce meses, según su experiencia, ¿qué tan seguro/a se siente...",En su lugar de estudio,emper_p_inseg_lugares_15,4,Muy seguro/a,567177,4.27,4.27,17.05
emper,"Durante los últimos doce meses, según su experiencia, ¿qué tan seguro/a se siente...",En su lugar de estudio,emper_p_inseg_lugares_15,85,No aplica,10997639,82.71,82.71,99.77
emper,"Durante los últimos doce meses, según su experiencia, ¿qué tan seguro/a se siente...",En su lugar de estudio,emper_p_inseg_lugares_15,88,No sabe,29281,0.22,0.22,99.99
emper,"Durante los últimos doce meses, según su experiencia, ¿qué tan seguro/a se siente...",En su lugar de estudio,emper_p_inseg_lugares_15,96,Sin dato,0,0,0,99.99
emper,"Durante los últimos doce meses, según su experiencia, ¿qué tan seguro/a se siente...",En su lugar de estudio,emper_p_inseg_lugares_15,99,No responde,1767,0.01,0.01,100
emper,"Durante los últimos doce meses, según su experiencia, ¿qué tan seguro/a se siente...",En el banco,emper_p_inseg_lugares_16,1,Muy inseguro/a,551343,4.15,4.15,4.15
emper,"Durante los últimos doce meses, según su experiencia, ¿qué tan seguro/a se siente...",En el banco,emper_p_inseg_lugares_16,2,Inseguro/a,3620488,27.23,27.23,31.38
emper,"Durante los últimos doce meses, según su experiencia, ¿qué tan seguro/a se siente...",En el banco,emper_p_inseg_lugares_16,3,Seguro/a,5684878,42.76,42.76,74.13
emper,"Durante los últimos doce meses, según su experiencia, ¿qué tan seguro/a se siente...",En el banco,emper_p_inseg_lugares_16,4,Muy seguro/a,609716,4.59,4.59,78.72
emper,"Durante los últimos doce meses, según su experiencia, ¿qué tan seguro/a se siente...",En el banco,emper_p_inseg_lugares_16,85,No aplica,2777586,20.89,20.89,99.61
emper,"Durante los últimos doce meses, según su experiencia, ¿qué tan seguro/a se siente...",En el banco,emper_p_inseg_lugares_16,88,No sabe,50839,0.38,0.38,99.99
emper,"Durante los últimos doce meses, según su experiencia, ¿qué tan seguro/a se siente...",En el banco,emper_p_inseg_lugares_16,96,Sin dato,0,0,0,99.99
emper,"Durante los últimos doce meses, según su experiencia, ¿qué tan seguro/a se siente...",En el banco,emper_p_inseg_lugares_16,99,No responde,1207,0.01,0.01,100
emper,Durante los últimos doce meses ¿qué tan seguro/a se siente en las siguientes situaciones,Caminando solo/a por su barrio cuando ya está oscuro,emper_p_inseg_oscuro_1,1,Muy inseguro/a,2722495,20.48,20.48,20.48
emper,Durante los últimos doce meses ¿qué tan seguro/a se siente en las siguientes situaciones,Caminando solo/a por su barrio cuando ya está oscuro,emper_p_inseg_oscuro_1,2,Inseguro/a,5992234,45.07,45.07,65.54
emper,Durante los últimos doce meses ¿qué tan seguro/a se siente en las siguientes situaciones,Caminando solo/a por su barrio cuando ya está oscuro,emper_p_inseg_oscuro_1,3,Seguro/a,3171109,23.85,23.85,89.39
emper,Durante los últimos doce meses ¿qué tan seguro/a se siente en las siguientes situaciones,Caminando solo/a por su barrio cuando ya está oscuro,emper_p_inseg_oscuro_1,4,Muy seguro/a,210633,1.58,1.58,90.98
emper,Durante los últimos doce meses ¿qué tan seguro/a se siente en las siguientes situaciones,Caminando solo/a por su barrio cuando ya está oscuro,emper_p_inseg_oscuro_1,85,No aplica,1174485,8.83,8.83,99.81
emper,Durante los últimos doce meses ¿qué tan seguro/a se siente en las siguientes situaciones,Caminando solo/a por su barrio cuando ya está oscuro,emper_p_inseg_oscuro_1,88,No sabe,24080,0.18,0.18,99.99
emper,Durante los últimos doce meses ¿qué tan seguro/a se siente en las siguientes situaciones,Caminando solo/a por su barrio cuando ya está oscuro,emper_p_inseg_oscuro_1,96,Sin dato,0,0,0,99.99
emper,Durante los últimos doce meses ¿qué tan seguro/a se siente en las siguientes situaciones,Caminando solo/a por su barrio cuando ya está oscuro,emper_p_inseg_oscuro_1,99,No responde,1020,0.01,0.01,100
emper,Durante los últimos doce meses ¿qué tan seguro/a se siente en las siguientes situaciones,Caminando solo/a por su barrio durante el día,emper_p_inseg_dia_1,1,Muy inseguro/a,287073,2.16,2.16,2.16
emper,Durante los últimos doce meses ¿qué tan seguro/a se siente en las siguientes situaciones,Caminando solo/a por su barrio durante el día,emper_p_inseg_dia_1,2,Inseguro/a,3137345,23.6,23.6,25.76
emper,Durante los últimos doce meses ¿qué tan seguro/a se siente en las siguientes situaciones,Caminando solo/a por su barrio durante el día,emper_p_inseg_dia_1,3,Seguro/a,8793896,66.14,66.14,91.89
emper,Durante los últimos doce meses ¿qué tan seguro/a se siente en las siguientes situaciones,Caminando solo/a por su barrio durante el día,emper_p_inseg_dia_1,4,Muy seguro/a,858062,6.45,6.45,98.35
emper,Durante los últimos doce meses ¿qué tan seguro/a se siente en las siguientes situaciones,Caminando solo/a por su barrio durante el día,emper_p_inseg_dia_1,85,No aplica,210997,1.59,1.59,99.93
emper,Durante los últimos doce meses ¿qué tan seguro/a se siente en las siguientes situaciones,Caminando solo/a por su barrio durante el día,emper_p_inseg_dia_1,88,No sabe,7032,0.05,0.05,99.99
emper,Durante los últimos doce meses ¿qué tan seguro/a se siente en las siguientes situaciones,Caminando solo/a por su barrio durante el día,emper_p_inseg_dia_1,96,Sin dato,0,0,0,99.99
emper,Durante los últimos doce meses ¿qué tan seguro/a se siente en las siguientes situaciones,Caminando solo/a por su barrio durante el día,emper_p_inseg_dia_1,99,No responde,1653,0.01,0.01,100
emper,Durante los últimos doce meses ¿qué tan seguro/a se siente en las siguientes situaciones,Solo/a en su casa cuando ya está oscuro,emper_p_inseg_oscuro_2,1,Muy inseguro/a,324406,2.44,2.44,2.44
emper,Durante los últimos doce meses ¿qué tan seguro/a se siente en las siguientes situaciones,Solo/a en su casa cuando ya está oscuro,emper_p_inseg_oscuro_2,2,Inseguro/a,2563726,19.28,19.28,21.72
emper,Durante los últimos doce meses ¿qué tan seguro/a se siente en las siguientes situaciones,Solo/a en su casa cuando ya está oscuro,emper_p_inseg_oscuro_2,3,Seguro/a,8687604,65.34,65.34,87.06
emper,Durante los últimos doce meses ¿qué tan seguro/a se siente en las siguientes situaciones,Solo/a en su casa cuando ya está oscuro,emper_p_inseg_oscuro_2,4,Muy seguro/a,1660808,12.49,12.49,99.55
emper,Durante los últimos doce meses ¿qué tan seguro/a se siente en las siguientes situaciones,Solo/a en su casa cuando ya está oscuro,emper_p_inseg_oscuro_2,85,No aplica,55732,0.42,0.42,99.97
emper,Durante los últimos doce meses ¿qué tan seguro/a se siente en las siguientes situaciones,Solo/a en su casa cuando ya está oscuro,emper_p_inseg_oscuro_2,88,No sabe,3507,0.03,0.03,100
emper,Durante los últimos doce meses ¿qué tan seguro/a se siente en las siguientes situaciones,Solo/a en su casa cuando ya está oscuro,emper_p_inseg_oscuro_2,96,Sin dato,0,0,0,100
emper,Durante los últimos doce meses ¿qué tan seguro/a se siente en las siguientes situaciones,Solo/a en su casa cuando ya está oscuro,emper_p_inseg_oscuro_2,99,No responde,275,0,0,100
emper,Durante los últimos doce meses ¿qué tan seguro/a se siente en las siguientes situaciones,Solo/a en su casa durante el día,emper_p_inseg_dia_2,1,Muy inseguro/a,118242,0.89,0.89,0.89
emper,Durante los últimos doce meses ¿qué tan seguro/a se siente en las siguientes situaciones,Solo/a en su casa durante el día,emper_p_inseg_dia_2,2,Inseguro/a,1171178,8.81,8.81,9.7
emper,Durante los últimos doce meses ¿qué tan seguro/a se siente en las siguientes situaciones,Solo/a en su casa durante el día,emper_p_inseg_dia_2,3,Seguro/a,9572964,72,72,81.7
emper,Durante los últimos doce meses ¿qué tan seguro/a se siente en las siguientes situaciones,Solo/a en su casa durante el día,emper_p_inseg_dia_2,4,Muy seguro/a,2387238,17.95,17.95,99.65
emper,Durante los últimos doce meses ¿qué tan seguro/a se siente en las siguientes situaciones,Solo/a en su casa durante el día,emper_p_inseg_dia_2,85,No aplica,42794,0.32,0.32,99.97
emper,Durante los últimos doce meses ¿qué tan seguro/a se siente en las siguientes situaciones,Solo/a en su casa durante el día,emper_p_inseg_dia_2,88,No sabe,2155,0.02,0.02,99.99
emper,Durante los últimos doce meses ¿qué tan seguro/a se siente en las siguientes situaciones,Solo/a en su casa durante el día,emper_p_inseg_dia_2,96,Sin dato,0,0,0,99.99
emper,Durante los últimos doce meses ¿qué tan seguro/a se siente en las siguientes situaciones,Solo/a en su casa durante el día,emper_p_inseg_dia_2,99,No responde,1487,0.01,0.01,100
perper,"Considerando el tipo de actividades que realiza o los lugares por los que transita habitualmente, ¿cree usted que será víctima de algún delito en los próximos doce meses",,perper_p_expos_delito,1,Sí,7018607,52.79,52.79,52.79
perper,"Considerando el tipo de actividades que realiza o los lugares por los que transita habitualmente, ¿cree usted que será víctima de algún delito en los próximos doce meses",,perper_p_expos_delito,2,No,5835997,43.89,43.89,96.68
perper,"Considerando el tipo de actividades que realiza o los lugares por los que transita habitualmente, ¿cree usted que será víctima de algún delito en los próximos doce meses",,perper_p_expos_delito,88,No sabe,432679,3.25,3.25,99.93
perper,"Considerando el tipo de actividades que realiza o los lugares por los que transita habitualmente, ¿cree usted que será víctima de algún delito en los próximos doce meses",,perper_p_expos_delito,96,Sin dato,0,0,0,99.93
perper,"Considerando el tipo de actividades que realiza o los lugares por los que transita habitualmente, ¿cree usted que será víctima de algún delito en los próximos doce meses",,perper_p_expos_delito,99,No responde,8775,0.07,0.07,100
perper,¿De qué delito cree usted que será víctima en los próximos doce meses,Robo ,perper_p_delito_pronostico_1,0,No,6185928,88.14,88.14,88.14
perper,¿De qué delito cree usted que será víctima en los próximos doce meses,Robo ,perper_p_delito_pronostico_1,1,Sí,832679,11.86,11.86,100
perper,¿De qué delito cree usted que será víctima en los próximos doce meses,Robo ,perper_p_delito_pronostico_1,96,Sin dato,0,0,0,100
perper,¿De qué delito cree usted que será víctima en los próximos doce meses,Robo o hurto de su vehículo o portonazo,perper_p_delito_pronostico_2,0,No,5407644,77.05,77.05,77.05
perper,¿De qué delito cree usted que será víctima en los próximos doce meses,Robo o hurto de su vehículo o portonazo,perper_p_delito_pronostico_2,1,Sí,1610963,22.95,22.95,100
perper,¿De qué delito cree usted que será víctima en los próximos doce meses,Robo o hurto de su vehículo o portonazo,perper_p_delito_pronostico_2,96,Sin dato,0,0,0,100
perper,¿De qué delito cree usted que será víctima en los próximos doce meses,Robo o hurto de algún objeto dejado dentro del vehículo o parte de él,perper_p_delito_pronostico_3,0,No,6277759,89.44,89.44,89.44
perper,¿De qué delito cree usted que será víctima en los próximos doce meses,Robo o hurto de algún objeto dejado dentro del vehículo o parte de él,perper_p_delito_pronostico_3,1,Sí,740848,10.56,10.56,100
perper,¿De qué delito cree usted que será víctima en los próximos doce meses,Robo o hurto de algún objeto dejado dentro del vehículo o parte de él,perper_p_delito_pronostico_3,96,Sin dato,0,0,0,100
perper,¿De qué delito cree usted que será víctima en los próximos doce meses,Vandalismo o daño a su vivienda o vehículo,perper_p_delito_pronostico_4,0,No,6721876,95.77,95.77,95.77
perper,¿De qué delito cree usted que será víctima en los próximos doce meses,Vandalismo o daño a su vivienda o vehículo,perper_p_delito_pronostico_4,1,Sí,296731,4.23,4.23,100
perper,¿De qué delito cree usted que será víctima en los próximos doce meses,Vandalismo o daño a su vivienda o vehículo,perper_p_delito_pronostico_4,96,Sin dato,0,0,0,100
perper,¿De qué delito cree usted que será víctima en los próximos doce meses,"Robo o asalto, como robo con violencia, cogoteo, robo por sorpresa o lanzazo",perper_p_delito_pronostico_5,0,No,979211,13.95,13.95,13.95
perper,¿De qué delito cree usted que será víctima en los próximos doce meses,"Robo o asalto, como robo con violencia, cogoteo, robo por sorpresa o lanzazo",perper_p_delito_pronostico_5,1,Sí,6039396,86.05,86.05,100
perper,¿De qué delito cree usted que será víctima en los próximos doce meses,"Robo o asalto, como robo con violencia, cogoteo, robo por sorpresa o lanzazo",perper_p_delito_pronostico_5,96,Sin dato,0,0,0,100
perper,¿De qué delito cree usted que será víctima en los próximos doce meses,Hurto,perper_p_delito_pronostico_6,0,No,6126783,87.29,87.29,87.29
perper,¿De qué delito cree usted que será víctima en los próximos doce meses,Hurto,perper_p_delito_pronostico_6,1,Sí,891824,12.71,12.71,100
perper,¿De qué delito cree usted que será víctima en los próximos doce meses,Hurto,perper_p_delito_pronostico_6,96,Sin dato,0,0,0,100
perper,¿De qué delito cree usted que será víctima en los próximos doce meses,Agresiones físicas o lesiones,perper_p_delito_pronostico_7,0,No,6454862,91.97,91.97,91.97
perper,¿De qué delito cree usted que será víctima en los próximos doce meses,Agresiones físicas o lesiones,perper_p_delito_pronostico_7,1,Sí,563745,8.03,8.03,100
perper,¿De qué delito cree usted que será víctima en los próximos doce meses,Agresiones físicas o lesiones,perper_p_delito_pronostico_7,96,Sin dato,0,0,0,100
perper,¿De qué delito cree usted que será víctima en los próximos doce meses,Amenazas o extorsión,perper_p_delito_pronostico_8,0,No,6782156,96.63,96.63,96.63
perper,¿De qué delito cree usted que será víctima en los próximos doce meses,Amenazas o extorsión,perper_p_delito_pronostico_8,1,Sí,236451,3.37,3.37,100
perper,¿De qué delito cree usted que será víctima en los próximos doce meses,Amenazas o extorsión,perper_p_delito_pronostico_8,96,Sin dato,0,0,0,100
perper,¿De qué delito cree usted que será víctima en los próximos doce meses,Delitos económicos como fraude o estafa,perper_p_delito_pronostico_9,0,No,6650611,94.76,94.76,94.76
perper,¿De qué delito cree usted que será víctima en los próximos doce meses,Delitos económicos como fraude o estafa,perper_p_delito_pronostico_9,1,Sí,367996,5.24,5.24,100
perper,¿De qué delito cree usted que será víctima en los próximos doce meses,Delitos económicos como fraude o estafa,perper_p_delito_pronostico_9,96,Sin dato,0,0,0,100
perper,¿De qué delito cree usted que será víctima en los próximos doce meses,Delitos cibernéticos,perper_p_delito_pronostico_10,0,No,6798548,96.86,96.86,96.86
perper,¿De qué delito cree usted que será víctima en los próximos doce meses,Delitos cibernéticos,perper_p_delito_pronostico_10,1,Sí,220059,3.14,3.14,100
perper,¿De qué delito cree usted que será víctima en los próximos doce meses,Delitos cibernéticos,perper_p_delito_pronostico_10,96,Sin dato,0,0,0,100
perper,¿De qué delito cree usted que será víctima en los próximos doce meses,Acoso callejero o sexual,perper_p_delito_pronostico_11,0,No,6765956,96.4,96.4,96.4
perper,¿De qué delito cree usted que será víctima en los próximos doce meses,Acoso callejero o sexual,perper_p_delito_pronostico_11,1,Sí,252651,3.6,3.6,100
perper,¿De qué delito cree usted que será víctima en los próximos doce meses,Acoso callejero o sexual,perper_p_delito_pronostico_11,96,Sin dato,0,0,0,100
perper,¿De qué delito cree usted que será víctima en los próximos doce meses,Otros delitos,perper_p_delito_pronostico_77,0,No,6919768,98.59,98.59,98.59
perper,¿De qué delito cree usted que será víctima en los próximos doce meses,Otros delitos,perper_p_delito_pronostico_77,1,Sí,98839,1.41,1.41,100
perper,¿De qué delito cree usted que será víctima en los próximos doce meses,Otros delitos,perper_p_delito_pronostico_77,96,Sin dato,0,0,0,100
perper,¿De qué delito cree usted que será víctima en los próximos doce meses,No sabe,perper_p_delito_pronostico_88,0,No,6997808,99.7,99.7,99.7
perper,¿De qué delito cree usted que será víctima en los próximos doce meses,No sabe,perper_p_delito_pronostico_88,1,Sí,20799,0.3,0.3,100
perper,¿De qué delito cree usted que será víctima en los próximos doce meses,No sabe,perper_p_delito_pronostico_88,96,Sin dato,0,0,0,100
perper,¿De qué delito cree usted que será víctima en los próximos doce meses,No responde,perper_p_delito_pronostico_99,0,No,7016351,99.97,99.97,99.97
perper,¿De qué delito cree usted que será víctima en los próximos doce meses,No responde,perper_p_delito_pronostico_99,1,Sí,2256,0.03,0.03,100
perper,¿De qué delito cree usted que será víctima en los próximos doce meses,No responde,perper_p_delito_pronostico_99,96,Sin dato,0,0,0,100
comper,"Durante los últimos doce meses, por temor a ser víctima de algún delito como robo, asalto, agresión u otro, usted... ¿ha dejado de ?",Caminar solo/a,comper_p_mod_actividades_1,1,Sí,5331817,40.1,40.1,40.1
comper,"Durante los últimos doce meses, por temor a ser víctima de algún delito como robo, asalto, agresión u otro, usted... ¿ha dejado de ?",Caminar solo/a,comper_p_mod_actividades_1,2,No,7783727,58.54,58.54,98.64
comper,"Durante los últimos doce meses, por temor a ser víctima de algún delito como robo, asalto, agresión u otro, usted... ¿ha dejado de ?",Caminar solo/a,comper_p_mod_actividades_1,85,No aplica,176450,1.33,1.33,99.97
comper,"Durante los últimos doce meses, por temor a ser víctima de algún delito como robo, asalto, agresión u otro, usted... ¿ha dejado de ?",Caminar solo/a,comper_p_mod_actividades_1,88,No sabe,2683,0.02,0.02,99.99
comper,"Durante los últimos doce meses, por temor a ser víctima de algún delito como robo, asalto, agresión u otro, usted... ¿ha dejado de ?",Caminar solo/a,comper_p_mod_actividades_1,96,Sin dato,0,0,0,99.99
comper,"Durante los últimos doce meses, por temor a ser víctima de algún delito como robo, asalto, agresión u otro, usted... ¿ha dejado de ?",Caminar solo/a,comper_p_mod_actividades_1,99,No responde,1382,0.01,0.01,100
comper,"Durante los últimos doce meses, por temor a ser víctima de algún delito como robo, asalto, agresión u otro, usted... ¿ha dejado de ?",Realizar actividades al aire libre,comper_p_mod_actividades_2,1,Sí,5045068,37.94,37.94,37.94
comper,"Durante los últimos doce meses, por temor a ser víctima de algún delito como robo, asalto, agresión u otro, usted... ¿ha dejado de ?",Realizar actividades al aire libre,comper_p_mod_actividades_2,2,No,7642746,57.48,57.48,95.43
comper,"Durante los últimos doce meses, por temor a ser víctima de algún delito como robo, asalto, agresión u otro, usted... ¿ha dejado de ?",Realizar actividades al aire libre,comper_p_mod_actividades_2,85,No aplica,601441,4.52,4.52,99.95
comper,"Durante los últimos doce meses, por temor a ser víctima de algún delito como robo, asalto, agresión u otro, usted... ¿ha dejado de ?",Realizar actividades al aire libre,comper_p_mod_actividades_2,88,No sabe,5803,0.04,0.04,99.99
comper,"Durante los últimos doce meses, por temor a ser víctima de algún delito como robo, asalto, agresión u otro, usted... ¿ha dejado de ?",Realizar actividades al aire libre,comper_p_mod_actividades_2,96,Sin dato,0,0,0,99.99
comper,"Durante los últimos doce meses, por temor a ser víctima de algún delito como robo, asalto, agresión u otro, usted... ¿ha dejado de ?",Realizar actividades al aire libre,comper_p_mod_actividades_2,99,No responde,999,0.01,0.01,100
comper,"Durante los últimos doce meses, por temor a ser víctima de algún delito como robo, asalto, agresión u otro, usted... ¿ha dejado de ?",Usar celular y/o artículos electrónicos en público,comper_p_mod_actividades_3,1,Sí,8851058,66.57,66.57,66.57
comper,"Durante los últimos doce meses, por temor a ser víctima de algún delito como robo, asalto, agresión u otro, usted... ¿ha dejado de ?",Usar celular y/o artículos electrónicos en público,comper_p_mod_actividades_3,2,No,4192456,31.53,31.53,98.1
comper,"Durante los últimos doce meses, por temor a ser víctima de algún delito como robo, asalto, agresión u otro, usted... ¿ha dejado de ?",Usar celular y/o artículos electrónicos en público,comper_p_mod_actividades_3,85,No aplica,249814,1.88,1.88,99.98
comper,"Durante los últimos doce meses, por temor a ser víctima de algún delito como robo, asalto, agresión u otro, usted... ¿ha dejado de ?",Usar celular y/o artículos electrónicos en público,comper_p_mod_actividades_3,88,No sabe,2152,0.02,0.02,100
comper,"Durante los últimos doce meses, por temor a ser víctima de algún delito como robo, asalto, agresión u otro, usted... ¿ha dejado de ?",Usar celular y/o artículos electrónicos en público,comper_p_mod_actividades_3,96,Sin dato,0,0,0,100
comper,"Durante los últimos doce meses, por temor a ser víctima de algún delito como robo, asalto, agresión u otro, usted... ¿ha dejado de ?",Usar celular y/o artículos electrónicos en público,comper_p_mod_actividades_3,99,No responde,578,0,0,100
comper,"Durante los últimos doce meses, por temor a ser víctima de algún delito como robo, asalto, agresión u otro, usted... ¿ha dejado de ?",Tomar micros o buses,comper_p_mod_actividades_4,1,Sí,2704919,20.34,20.34,20.34
comper,"Durante los últimos doce meses, por temor a ser víctima de algún delito como robo, asalto, agresión u otro, usted... ¿ha dejado de ?",Tomar micros o buses,comper_p_mod_actividades_4,2,No,8240021,61.97,61.97,82.32
comper,"Durante los últimos doce meses, por temor a ser víctima de algún delito como robo, asalto, agresión u otro, usted... ¿ha dejado de ?",Tomar micros o buses,comper_p_mod_actividades_4,85,No aplica,2322224,17.47,17.47,99.78
comper,"Durante los últimos doce meses, por temor a ser víctima de algún delito como robo, asalto, agresión u otro, usted... ¿ha dejado de ?",Tomar micros o buses,comper_p_mod_actividades_4,88,No sabe,27327,0.21,0.21,99.99
comper,"Durante los últimos doce meses, por temor a ser víctima de algún delito como robo, asalto, agresión u otro, usted... ¿ha dejado de ?",Tomar micros o buses,comper_p_mod_actividades_4,96,Sin dato,0,0,0,99.99
comper,"Durante los últimos doce meses, por temor a ser víctima de algún delito como robo, asalto, agresión u otro, usted... ¿ha dejado de ?",Tomar micros o buses,comper_p_mod_actividades_4,99,No responde,1568,0.01,0.01,100
comper,"Durante los últimos doce meses, por temor a ser víctima de algún delito como robo, asalto, agresión u otro, usted... ¿ha dejado de ?",Tomar taxis o colectivos,comper_p_mod_actividades_5,1,Sí,1926712,14.49,14.49,14.49
comper,"Durante los últimos doce meses, por temor a ser víctima de algún delito como robo, asalto, agresión u otro, usted... ¿ha dejado de ?",Tomar taxis o colectivos,comper_p_mod_actividades_5,2,No,8016551,60.29,60.29,74.78
comper,"Durante los últimos doce meses, por temor a ser víctima de algún delito como robo, asalto, agresión u otro, usted... ¿ha dejado de ?",Tomar taxis o colectivos,comper_p_mod_actividades_5,85,No aplica,3322790,24.99,24.99,99.77
comper,"Durante los últimos doce meses, por temor a ser víctima de algún delito como robo, asalto, agresión u otro, usted... ¿ha dejado de ?",Tomar taxis o colectivos,comper_p_mod_actividades_5,88,No sabe,27750,0.21,0.21,99.98
comper,"Durante los últimos doce meses, por temor a ser víctima de algún delito como robo, asalto, agresión u otro, usted... ¿ha dejado de ?",Tomar taxis o colectivos,comper_p_mod_actividades_5,96,Sin dato,0,0,0,99.98
comper,"Durante los últimos doce meses, por temor a ser víctima de algún delito como robo, asalto, agresión u otro, usted... ¿ha dejado de ?",Tomar taxis o colectivos,comper_p_mod_actividades_5,99,No responde,2254,0.02,0.02,100
comper,"Durante los últimos doce meses, por temor a ser víctima de algún delito como robo, asalto, agresión u otro, usted... ¿ha dejado de ?","Tomar o usar Uber, Cabify, Didi o similares",comper_p_mod_actividades_6,1,Sí,1410510,10.61,10.61,10.61
comper,"Durante los últimos doce meses, por temor a ser víctima de algún delito como robo, asalto, agresión u otro, usted... ¿ha dejado de ?","Tomar o usar Uber, Cabify, Didi o similares",comper_p_mod_actividades_6,2,No,8008535,60.23,60.23,70.84
comper,"Durante los últimos doce meses, por temor a ser víctima de algún delito como robo, asalto, agresión u otro, usted... ¿ha dejado de ?","Tomar o usar Uber, Cabify, Didi o similares",comper_p_mod_actividades_6,85,No aplica,3835207,28.84,28.84,99.69
comper,"Durante los últimos doce meses, por temor a ser víctima de algún delito como robo, asalto, agresión u otro, usted... ¿ha dejado de ?","Tomar o usar Uber, Cabify, Didi o similares",comper_p_mod_actividades_6,88,No sabe,38092,0.29,0.29,99.97
comper,"Durante los últimos doce meses, por temor a ser víctima de algún delito como robo, asalto, agresión u otro, usted... ¿ha dejado de ?","Tomar o usar Uber, Cabify, Didi o similares",comper_p_mod_actividades_6,96,Sin dato,0,0,0,99.97
comper,"Durante los últimos doce meses, por temor a ser víctima de algún delito como robo, asalto, agresión u otro, usted... ¿ha dejado de ?","Tomar o usar Uber, Cabify, Didi o similares",comper_p_mod_actividades_6,99,No responde,3715,0.03,0.03,100
comper,"Durante los últimos doce meses, por temor a ser víctima de algún delito como robo, asalto, agresión u otro, usted... ¿ha dejado de ?",Caminar por ciertas áreas o lugares,comper_p_mod_actividades_7,1,Sí,8379007,63.02,63.02,63.02
comper,"Durante los últimos doce meses, por temor a ser víctima de algún delito como robo, asalto, agresión u otro, usted... ¿ha dejado de ?",Caminar por ciertas áreas o lugares,comper_p_mod_actividades_7,2,No,4723465,35.53,35.53,98.54
comper,"Durante los últimos doce meses, por temor a ser víctima de algún delito como robo, asalto, agresión u otro, usted... ¿ha dejado de ?",Caminar por ciertas áreas o lugares,comper_p_mod_actividades_7,85,No aplica,187638,1.41,1.41,99.96
comper,"Durante los últimos doce meses, por temor a ser víctima de algún delito como robo, asalto, agresión u otro, usted... ¿ha dejado de ?",Caminar por ciertas áreas o lugares,comper_p_mod_actividades_7,88,No sabe,2752,0.02,0.02,99.98
comper,"Durante los últimos doce meses, por temor a ser víctima de algún delito como robo, asalto, agresión u otro, usted... ¿ha dejado de ?",Caminar por ciertas áreas o lugares,comper_p_mod_actividades_7,96,Sin dato,0,0,0,99.98
comper,"Durante los últimos doce meses, por temor a ser víctima de algún delito como robo, asalto, agresión u otro, usted... ¿ha dejado de ?",Caminar por ciertas áreas o lugares,comper_p_mod_actividades_7,99,No responde,3195,0.02,0.02,100
comper,"Durante los últimos doce meses, por temor a ser víctima de algún delito como robo, asalto, agresión u otro, usted... ¿ha dejado de ?",Salir de noche,comper_p_mod_actividades_8,1,Sí,7622003,57.33,57.33,57.33
comper,"Durante los últimos doce meses, por temor a ser víctima de algún delito como robo, asalto, agresión u otro, usted... ¿ha dejado de ?",Salir de noche,comper_p_mod_actividades_8,2,No,4620225,34.75,34.75,92.07
comper,"Durante los últimos doce meses, por temor a ser víctima de algún delito como robo, asalto, agresión u otro, usted... ¿ha dejado de ?",Salir de noche,comper_p_mod_actividades_8,85,No aplica,1048942,7.89,7.89,99.96
comper,"Durante los últimos doce meses, por temor a ser víctima de algún delito como robo, asalto, agresión u otro, usted... ¿ha dejado de ?",Salir de noche,comper_p_mod_actividades_8,88,No sabe,3948,0.03,0.03,99.99
comper,"Durante los últimos doce meses, por temor a ser víctima de algún delito como robo, asalto, agresión u otro, usted... ¿ha dejado de ?",Salir de noche,comper_p_mod_actividades_8,96,Sin dato,0,0,0,99.99
comper,"Durante los últimos doce meses, por temor a ser víctima de algún delito como robo, asalto, agresión u otro, usted... ¿ha dejado de ?",Salir de noche,comper_p_mod_actividades_8,99,No responde,940,0.01,0.01,100
comper,"Durante los últimos doce meses, por temor a ser víctima de algún delito como robo, asalto, agresión u otro, usted... ¿ha dejado de ?","Usar joyas, reloj u objetos de lujo",comper_p_mod_actividades_9,1,Sí,6279049,47.22,47.22,47.22
comper,"Durante los últimos doce meses, por temor a ser víctima de algún delito como robo, asalto, agresión u otro, usted... ¿ha dejado de ?","Usar joyas, reloj u objetos de lujo",comper_p_mod_actividades_9,2,No,4680135,35.2,35.2,82.42
comper,"Durante los últimos doce meses, por temor a ser víctima de algún delito como robo, asalto, agresión u otro, usted... ¿ha dejado de ?","Usar joyas, reloj u objetos de lujo",comper_p_mod_actividades_9,85,No aplica,2325060,17.49,17.49,99.91
comper,"Durante los últimos doce meses, por temor a ser víctima de algún delito como robo, asalto, agresión u otro, usted... ¿ha dejado de ?","Usar joyas, reloj u objetos de lujo",comper_p_mod_actividades_9,88,No sabe,9062,0.07,0.07,99.98
comper,"Durante los últimos doce meses, por temor a ser víctima de algún delito como robo, asalto, agresión u otro, usted... ¿ha dejado de ?","Usar joyas, reloj u objetos de lujo",comper_p_mod_actividades_9,96,Sin dato,0,0,0,99.98
comper,"Durante los últimos doce meses, por temor a ser víctima de algún delito como robo, asalto, agresión u otro, usted... ¿ha dejado de ?","Usar joyas, reloj u objetos de lujo",comper_p_mod_actividades_9,99,No responde,2751,0.02,0.02,100
comper,"Durante los últimos doce meses, por temor a ser víctima de algún delito como robo, asalto, agresión u otro, usted... ¿ha dejado de ?",Ir al banco,comper_p_mod_actividades_10,1,Sí,2527817,19.01,19.01,19.01
comper,"Durante los últimos doce meses, por temor a ser víctima de algún delito como robo, asalto, agresión u otro, usted... ¿ha dejado de ?",Ir al banco,comper_p_mod_actividades_10,2,No,8478888,63.77,63.77,82.78
comper,"Durante los últimos doce meses, por temor a ser víctima de algún delito como robo, asalto, agresión u otro, usted... ¿ha dejado de ?",Ir al banco,comper_p_mod_actividades_10,85,No aplica,2271392,17.08,17.08,99.86
comper,"Durante los últimos doce meses, por temor a ser víctima de algún delito como robo, asalto, agresión u otro, usted... ¿ha dejado de ?",Ir al banco,comper_p_mod_actividades_10,88,No sabe,17080,0.13,0.13,99.99
comper,"Durante los últimos doce meses, por temor a ser víctima de algún delito como robo, asalto, agresión u otro, usted... ¿ha dejado de ?",Ir al banco,comper_p_mod_actividades_10,96,Sin dato,0,0,0,99.99
comper,"Durante los últimos doce meses, por temor a ser víctima de algún delito como robo, asalto, agresión u otro, usted... ¿ha dejado de ?",Ir al banco,comper_p_mod_actividades_10,99,No responde,880,0.01,0.01,100
comper,"Durante los últimos doce meses, por temor a ser víctima de algún delito como robo, asalto, agresión u otro, usted... ¿ha dejado de ?",Llevar o usar dinero en efectivo,comper_p_mod_actividades_11,1,Sí,6645039,49.98,49.98,49.98
comper,"Durante los últimos doce meses, por temor a ser víctima de algún delito como robo, asalto, agresión u otro, usted... ¿ha dejado de ?",Llevar o usar dinero en efectivo,comper_p_mod_actividades_11,2,No,6238580,46.92,46.92,96.9
comper,"Durante los últimos doce meses, por temor a ser víctima de algún delito como robo, asalto, agresión u otro, usted... ¿ha dejado de ?",Llevar o usar dinero en efectivo,comper_p_mod_actividades_11,85,No aplica,405727,3.05,3.05,99.95
comper,"Durante los últimos doce meses, por temor a ser víctima de algún delito como robo, asalto, agresión u otro, usted... ¿ha dejado de ?",Llevar o usar dinero en efectivo,comper_p_mod_actividades_11,88,No sabe,3832,0.03,0.03,99.98
comper,"Durante los últimos doce meses, por temor a ser víctima de algún delito como robo, asalto, agresión u otro, usted... ¿ha dejado de ?",Llevar o usar dinero en efectivo,comper_p_mod_actividades_11,96,Sin dato,0,0,0,99.98
comper,"Durante los últimos doce meses, por temor a ser víctima de algún delito como robo, asalto, agresión u otro, usted... ¿ha dejado de ?",Llevar o usar dinero en efectivo,comper_p_mod_actividades_11,99,No responde,2880,0.02,0.02,100
comper,"Durante los últimos doce meses, por temor a ser víctima de algún delito como robo, asalto, agresión u otro, usted... ¿ha dejado de ?","Realizar actividades deportivas, de recreación o esparcimiento en recintos cerrados",comper_p_mod_actividades_12,1,Sí,2567578,19.31,19.31,19.31
comper,"Durante los últimos doce meses, por temor a ser víctima de algún delito como robo, asalto, agresión u otro, usted... ¿ha dejado de ?","Realizar actividades deportivas, de recreación o esparcimiento en recintos cerrados",comper_p_mod_actividades_12,2,No,8725511,65.62,65.62,84.94
comper,"Durante los últimos doce meses, por temor a ser víctima de algún delito como robo, asalto, agresión u otro, usted... ¿ha dejado de ?","Realizar actividades deportivas, de recreación o esparcimiento en recintos cerrados",comper_p_mod_actividades_12,85,No aplica,1990680,14.97,14.97,99.91
comper,"Durante los últimos doce meses, por temor a ser víctima de algún delito como robo, asalto, agresión u otro, usted... ¿ha dejado de ?","Realizar actividades deportivas, de recreación o esparcimiento en recintos cerrados",comper_p_mod_actividades_12,88,No sabe,10833,0.08,0.08,99.99
comper,"Durante los últimos doce meses, por temor a ser víctima de algún delito como robo, asalto, agresión u otro, usted... ¿ha dejado de ?","Realizar actividades deportivas, de recreación o esparcimiento en recintos cerrados",comper_p_mod_actividades_12,96,Sin dato,0,0,0,99.99
comper,"Durante los últimos doce meses, por temor a ser víctima de algún delito como robo, asalto, agresión u otro, usted... ¿ha dejado de ?","Realizar actividades deportivas, de recreación o esparcimiento en recintos cerrados",comper_p_mod_actividades_12,99,No responde,1456,0.01,0.01,100
comper,"Durante los últimos doce meses, por temor a ser víctima de algún delito como robo, asalto, agresión u otro, usted... ¿ha dejado de ?","Manejar vehículos, motos y/o estacionar fuera de su vivienda",comper_p_mod_actividades_13,1,Sí,2152214,16.19,16.19,16.19
comper,"Durante los últimos doce meses, por temor a ser víctima de algún delito como robo, asalto, agresión u otro, usted... ¿ha dejado de ?","Manejar vehículos, motos y/o estacionar fuera de su vivienda",comper_p_mod_actividades_13,2,No,5937891,44.66,44.66,60.85
comper,"Durante los últimos doce meses, por temor a ser víctima de algún delito como robo, asalto, agresión u otro, usted... ¿ha dejado de ?","Manejar vehículos, motos y/o estacionar fuera de su vivienda",comper_p_mod_actividades_13,85,No aplica,5186121,39,39,99.85
comper,"Durante los últimos doce meses, por temor a ser víctima de algún delito como robo, asalto, agresión u otro, usted... ¿ha dejado de ?","Manejar vehículos, motos y/o estacionar fuera de su vivienda",comper_p_mod_actividades_13,88,No sabe,16369,0.12,0.12,99.97
comper,"Durante los últimos doce meses, por temor a ser víctima de algún delito como robo, asalto, agresión u otro, usted... ¿ha dejado de ?","Manejar vehículos, motos y/o estacionar fuera de su vivienda",comper_p_mod_actividades_13,96,Sin dato,0,0,0,99.97
comper,"Durante los últimos doce meses, por temor a ser víctima de algún delito como robo, asalto, agresión u otro, usted... ¿ha dejado de ?","Manejar vehículos, motos y/o estacionar fuera de su vivienda",comper_p_mod_actividades_13,99,No responde,3464,0.03,0.03,100
comper,"Durante los últimos doce meses, por temor a ser víctima de algún delito como robo, asalto, agresión u otro, usted... ¿ha dejado de ?",Hacer otra actividad,comper_p_mod_actividades_14,1,Sí,40558,0.31,0.31,0.31
comper,"Durante los últimos doce meses, por temor a ser víctima de algún delito como robo, asalto, agresión u otro, usted... ¿ha dejado de ?",Hacer otra actividad,comper_p_mod_actividades_14,2,No,12985257,97.66,97.66,97.97
comper,"Durante los últimos doce meses, por temor a ser víctima de algún delito como robo, asalto, agresión u otro, usted... ¿ha dejado de ?",Hacer otra actividad,comper_p_mod_actividades_14,85,No aplica,261275,1.97,1.97,99.93
comper,"Durante los últimos doce meses, por temor a ser víctima de algún delito como robo, asalto, agresión u otro, usted... ¿ha dejado de ?",Hacer otra actividad,comper_p_mod_actividades_14,88,No sabe,5966,0.04,0.04,99.98
comper,"Durante los últimos doce meses, por temor a ser víctima de algún delito como robo, asalto, agresión u otro, usted... ¿ha dejado de ?",Hacer otra actividad,comper_p_mod_actividades_14,96,Sin dato,0,0,0,99.98
comper,"Durante los últimos doce meses, por temor a ser víctima de algún delito como robo, asalto, agresión u otro, usted... ¿ha dejado de ?",Hacer otra actividad,comper_p_mod_actividades_14,99,No responde,3002,0.02,0.02,100
comper,En los últimos doce meses ¿cuánto dinero en total ha gastado su hogar en medidas de seguridad,"Considerar lo invertido en seguridad de su vivienda, automóvil y en conjunto a las personas de su barrio. Sumar todos los costos de estas medidas.",comper_costos_medidas,1,Menos de $50.000,1465454,11.02,11.02,11.02
comper,En los últimos doce meses ¿cuánto dinero en total ha gastado su hogar en medidas de seguridad,"Considerar lo invertido en seguridad de su vivienda, automóvil y en conjunto a las personas de su barrio. Sumar todos los costos de estas medidas.",comper_costos_medidas,2,De $50.001 a $200.000,1957983,14.73,14.73,25.75
comper,En los últimos doce meses ¿cuánto dinero en total ha gastado su hogar en medidas de seguridad,"Considerar lo invertido en seguridad de su vivienda, automóvil y en conjunto a las personas de su barrio. Sumar todos los costos de estas medidas.",comper_costos_medidas,3,De $200.001 a $500.000,1438518,10.82,10.82,36.57
comper,En los últimos doce meses ¿cuánto dinero en total ha gastado su hogar en medidas de seguridad,"Considerar lo invertido en seguridad de su vivienda, automóvil y en conjunto a las personas de su barrio. Sumar todos los costos de estas medidas.",comper_costos_medidas,4,De $500.001 a $1.000.000,998270,7.51,7.51,44.07
comper,En los últimos doce meses ¿cuánto dinero en total ha gastado su hogar en medidas de seguridad,"Considerar lo invertido en seguridad de su vivienda, automóvil y en conjunto a las personas de su barrio. Sumar todos los costos de estas medidas.",comper_costos_medidas,5,De $1.000.001 y más,766775,5.77,5.77,49.84
comper,En los últimos doce meses ¿cuánto dinero en total ha gastado su hogar en medidas de seguridad,"Considerar lo invertido en seguridad de su vivienda, automóvil y en conjunto a las personas de su barrio. Sumar todos los costos de estas medidas.",comper_costos_medidas,85,No ha gastado en medidas de seguridad,6295807,47.35,47.35,97.19
comper,En los últimos doce meses ¿cuánto dinero en total ha gastado su hogar en medidas de seguridad,"Considerar lo invertido en seguridad de su vivienda, automóvil y en conjunto a las personas de su barrio. Sumar todos los costos de estas medidas.",comper_costos_medidas,88,No sabe,349411,2.63,2.63,99.82
comper,En los últimos doce meses ¿cuánto dinero en total ha gastado su hogar en medidas de seguridad,"Considerar lo invertido en seguridad de su vivienda, automóvil y en conjunto a las personas de su barrio. Sumar todos los costos de estas medidas.",comper_costos_medidas,96,Sin dato,806,0.01,0.01,99.83
comper,En los últimos doce meses ¿cuánto dinero en total ha gastado su hogar en medidas de seguridad,"Considerar lo invertido en seguridad de su vivienda, automóvil y en conjunto a las personas de su barrio. Sumar todos los costos de estas medidas.",comper_costos_medidas,99,No responde,23033,0.17,0.17,100
comgen,Indique el o los elementos de seguridad que dispone su vivienda o edificio,Perro u otro animal con fines de protección del inmueble,comgen_medidas_perro,0,No,9353461,70.35,70.35,70.35
comgen,Indique el o los elementos de seguridad que dispone su vivienda o edificio,Perro u otro animal con fines de protección del inmueble,comgen_medidas_perro,1,Sí,3941791,29.65,29.65,99.99
comgen,Indique el o los elementos de seguridad que dispone su vivienda o edificio,Perro u otro animal con fines de protección del inmueble,comgen_medidas_perro,96,Sin dato,806,0.01,0.01,100
comgen,Indique el o los elementos de seguridad que dispone su vivienda o edificio,Alarma instalada por empresa de seguridad,comgen_medidas_alarma_privada,0,No,11603062,87.27,87.27,87.27
comgen,Indique el o los elementos de seguridad que dispone su vivienda o edificio,Alarma instalada por empresa de seguridad,comgen_medidas_alarma_privada,1,Sí,1692190,12.73,12.73,99.99
comgen,Indique el o los elementos de seguridad que dispone su vivienda o edificio,Alarma instalada por empresa de seguridad,comgen_medidas_alarma_privada,96,Sin dato,806,0.01,0.01,100
comgen,Indique el o los elementos de seguridad que dispone su vivienda o edificio,Cámaras de vigilancia,comgen_medidas_camaras_vigilancia,0,No,8283639,62.3,62.3,62.3
comgen,Indique el o los elementos de seguridad que dispone su vivienda o edificio,Cámaras de vigilancia,comgen_medidas_camaras_vigilancia,1,Sí,5011613,37.69,37.69,99.99
comgen,Indique el o los elementos de seguridad que dispone su vivienda o edificio,Cámaras de vigilancia,comgen_medidas_camaras_vigilancia,96,Sin dato,806,0.01,0.01,100
comgen,Indique el o los elementos de seguridad que dispone su vivienda o edificio,Rejas u otro tipo de protecciones en puertas y ventanas,comgen_medidas_rejas,0,No,5133925,38.61,38.61,38.61
comgen,Indique el o los elementos de seguridad que dispone su vivienda o edificio,Rejas u otro tipo de protecciones en puertas y ventanas,comgen_medidas_rejas,1,Sí,8161327,61.38,61.38,99.99
comgen,Indique el o los elementos de seguridad que dispone su vivienda o edificio,Rejas u otro tipo de protecciones en puertas y ventanas,comgen_medidas_rejas,96,Sin dato,806,0.01,0.01,100
comgen,Indique el o los elementos de seguridad que dispone su vivienda o edificio,Cerco eléctrico en reja o muro perimetral de la propiedad,comgen_medidas_cerco,0,No,12076523,90.83,90.83,90.83
comgen,Indique el o los elementos de seguridad que dispone su vivienda o edificio,Cerco eléctrico en reja o muro perimetral de la propiedad,comgen_medidas_cerco,1,Sí,1218729,9.17,9.17,99.99
comgen,Indique el o los elementos de seguridad que dispone su vivienda o edificio,Cerco eléctrico en reja o muro perimetral de la propiedad,comgen_medidas_cerco,96,Sin dato,806,0.01,0.01,100
comgen,Indique el o los elementos de seguridad que dispone su vivienda o edificio,Protecciones no eléctricas en reja o muro de la propiedad,comgen_medidas_proteccion,0,No,9387214,70.6,70.6,70.6
comgen,Indique el o los elementos de seguridad que dispone su vivienda o edificio,Protecciones no eléctricas en reja o muro de la propiedad,comgen_medidas_proteccion,1,Sí,3908038,29.39,29.39,99.99
comgen,Indique el o los elementos de seguridad que dispone su vivienda o edificio,Protecciones no eléctricas en reja o muro de la propiedad,comgen_medidas_proteccion,96,Sin dato,806,0.01,0.01,100
comgen,Indique el o los elementos de seguridad que dispone su vivienda o edificio,Seguro de cadena y/o cerradura de seguridad,comgen_medidas_seguro,0,No,9503883,71.48,71.48,71.48
comgen,Indique el o los elementos de seguridad que dispone su vivienda o edificio,Seguro de cadena y/o cerradura de seguridad,comgen_medidas_seguro,1,Sí,3791369,28.51,28.51,99.99
comgen,Indique el o los elementos de seguridad que dispone su vivienda o edificio,Seguro de cadena y/o cerradura de seguridad,comgen_medidas_seguro,96,Sin dato,806,0.01,0.01,100
comgen,Indique el o los elementos de seguridad que dispone su vivienda o edificio,Foco lumínico con sensor de movimiento,comgen_medidas_foco,0,No,9739360,73.25,73.25,73.25
comgen,Indique el o los elementos de seguridad que dispone su vivienda o edificio,Foco lumínico con sensor de movimiento,comgen_medidas_foco,1,Sí,3555892,26.74,26.74,99.99
comgen,Indique el o los elementos de seguridad que dispone su vivienda o edificio,Foco lumínico con sensor de movimiento,comgen_medidas_foco,96,Sin dato,806,0.01,0.01,100
comgen,Indique el o los elementos de seguridad que dispone su vivienda o edificio,Otro elemento de seguridad,comgen_medidas_otro,0,No,12709913,95.59,95.59,95.59
comgen,Indique el o los elementos de seguridad que dispone su vivienda o edificio,Otro elemento de seguridad,comgen_medidas_otro,1,Sí,585340,4.4,4.4,99.99
comgen,Indique el o los elementos de seguridad que dispone su vivienda o edificio,Otro elemento de seguridad,comgen_medidas_otro,96,Sin dato,806,0.01,0.01,100
comgen,Indique el o los elementos de seguridad que dispone su vivienda o edificio,No tenemos ninguna medida de seguridad,comgen_medidas_na,0,No,12207277,91.81,91.81,91.81
comgen,Indique el o los elementos de seguridad que dispone su vivienda o edificio,No tenemos ninguna medida de seguridad,comgen_medidas_na,1,Sí,1087975,8.18,8.18,99.99
comgen,Indique el o los elementos de seguridad que dispone su vivienda o edificio,No tenemos ninguna medida de seguridad,comgen_medidas_na,96,Sin dato,806,0.01,0.01,100
comgen,Indique el o los elementos de seguridad que dispone su vivienda o edificio,No sabe,comgen_medidas_ns,0,No,13285982,99.92,99.92,99.92
comgen,Indique el o los elementos de seguridad que dispone su vivienda o edificio,No sabe,comgen_medidas_ns,1,Sí,9270,0.07,0.07,99.99
comgen,Indique el o los elementos de seguridad que dispone su vivienda o edificio,No sabe,comgen_medidas_ns,96,Sin dato,806,0.01,0.01,100
comgen,Indique el o los elementos de seguridad que dispone su vivienda o edificio,No responde,comgen_medidas_nr,0,No,13280977,99.89,99.89,99.89
comgen,Indique el o los elementos de seguridad que dispone su vivienda o edificio,No responde,comgen_medidas_nr,1,Sí,14275,0.11,0.11,99.99
comgen,Indique el o los elementos de seguridad que dispone su vivienda o edificio,No responde,comgen_medidas_nr,96,Sin dato,806,0.01,0.01,100
comgen,¿Cuál/es de las siguientes medidas ha adoptado en conjunto a las personas de su barrio / cuadra / block para sentirse más seguros/as,Tenemos un grupo de WhatsApp u otra red,comgen_vecinos_medidas_whatsapp,0,No,5303450,39.89,39.89,39.89
comgen,¿Cuál/es de las siguientes medidas ha adoptado en conjunto a las personas de su barrio / cuadra / block para sentirse más seguros/as,Tenemos un grupo de WhatsApp u otra red,comgen_vecinos_medidas_whatsapp,1,Sí,7991802,60.11,60.11,99.99
comgen,¿Cuál/es de las siguientes medidas ha adoptado en conjunto a las personas de su barrio / cuadra / block para sentirse más seguros/as,Tenemos un grupo de WhatsApp u otra red,comgen_vecinos_medidas_whatsapp,96,Sin dato,806,0.01,0.01,100
comgen,¿Cuál/es de las siguientes medidas ha adoptado en conjunto a las personas de su barrio / cuadra / block para sentirse más seguros/as,Tenemos un sistema de vigilancia entre las personas del barrio,comgen_vecinos_medidas_vigilancia,0,No,11722175,88.16,88.16,88.16
comgen,¿Cuál/es de las siguientes medidas ha adoptado en conjunto a las personas de su barrio / cuadra / block para sentirse más seguros/as,Tenemos un sistema de vigilancia entre las personas del barrio,comgen_vecinos_medidas_vigilancia,1,Sí,1573077,11.83,11.83,99.99
comgen,¿Cuál/es de las siguientes medidas ha adoptado en conjunto a las personas de su barrio / cuadra / block para sentirse más seguros/as,Tenemos un sistema de vigilancia entre las personas del barrio,comgen_vecinos_medidas_vigilancia,96,Sin dato,806,0.01,0.01,100
comgen,¿Cuál/es de las siguientes medidas ha adoptado en conjunto a las personas de su barrio / cuadra / block para sentirse más seguros/as,Tenemos un sistema de alarma comunitaria,comgen_vecinos_medidas_al_comunit,0,No,9301021,69.95,69.95,69.95
comgen,¿Cuál/es de las siguientes medidas ha adoptado en conjunto a las personas de su barrio / cuadra / block para sentirse más seguros/as,Tenemos un sistema de alarma comunitaria,comgen_vecinos_medidas_al_comunit,1,Sí,3994231,30.04,30.04,99.99
comgen,¿Cuál/es de las siguientes medidas ha adoptado en conjunto a las personas de su barrio / cuadra / block para sentirse más seguros/as,Tenemos un sistema de alarma comunitaria,comgen_vecinos_medidas_al_comunit,96,Sin dato,806,0.01,0.01,100
comgen,¿Cuál/es de las siguientes medidas ha adoptado en conjunto a las personas de su barrio / cuadra / block para sentirse más seguros/as,Hemos hablado con las policías para coordinar medidas de seguridad,comgen_vecinos_medidas_coord_pol,0,No,12120872,91.16,91.16,91.16
comgen,¿Cuál/es de las siguientes medidas ha adoptado en conjunto a las personas de su barrio / cuadra / block para sentirse más seguros/as,Hemos hablado con las policías para coordinar medidas de seguridad,comgen_vecinos_medidas_coord_pol,1,Sí,1174380,8.83,8.83,99.99
comgen,¿Cuál/es de las siguientes medidas ha adoptado en conjunto a las personas de su barrio / cuadra / block para sentirse más seguros/as,Hemos hablado con las policías para coordinar medidas de seguridad,comgen_vecinos_medidas_coord_pol,96,Sin dato,806,0.01,0.01,100
comgen,¿Cuál/es de las siguientes medidas ha adoptado en conjunto a las personas de su barrio / cuadra / block para sentirse más seguros/as,Hemos hablado con agentes del municipio para coordinar medidas de seguridad,comgen_vecinos_medidas_coord_mun,0,No,11974353,90.06,90.06,90.06
comgen,¿Cuál/es de las siguientes medidas ha adoptado en conjunto a las personas de su barrio / cuadra / block para sentirse más seguros/as,Hemos hablado con agentes del municipio para coordinar medidas de seguridad,comgen_vecinos_medidas_coord_mun,1,Sí,1320899,9.93,9.93,99.99
comgen,¿Cuál/es de las siguientes medidas ha adoptado en conjunto a las personas de su barrio / cuadra / block para sentirse más seguros/as,Hemos hablado con agentes del municipio para coordinar medidas de seguridad,comgen_vecinos_medidas_coord_mun,96,Sin dato,806,0.01,0.01,100
comgen,¿Cuál/es de las siguientes medidas ha adoptado en conjunto a las personas de su barrio / cuadra / block para sentirse más seguros/as,Tenemos un sistema de cámaras de televigilancia,comgen_vecinos_medidas_televig,0,No,9793150,73.65,73.65,73.65
comgen,¿Cuál/es de las siguientes medidas ha adoptado en conjunto a las personas de su barrio / cuadra / block para sentirse más seguros/as,Tenemos un sistema de cámaras de televigilancia,comgen_vecinos_medidas_televig,1,Sí,3502102,26.34,26.34,99.99
comgen,¿Cuál/es de las siguientes medidas ha adoptado en conjunto a las personas de su barrio / cuadra / block para sentirse más seguros/as,Tenemos un sistema de cámaras de televigilancia,comgen_vecinos_medidas_televig,96,Sin dato,806,0.01,0.01,100
comgen,¿Cuál/es de las siguientes medidas ha adoptado en conjunto a las personas de su barrio / cuadra / block para sentirse más seguros/as,Tenemos contratados vigilantes privados,comgen_vecinos_medidas_privad,0,No,12432558,93.51,93.51,93.51
comgen,¿Cuál/es de las siguientes medidas ha adoptado en conjunto a las personas de su barrio / cuadra / block para sentirse más seguros/as,Tenemos contratados vigilantes privados,comgen_vecinos_medidas_privad,1,Sí,862695,6.49,6.49,99.99
comgen,¿Cuál/es de las siguientes medidas ha adoptado en conjunto a las personas de su barrio / cuadra / block para sentirse más seguros/as,Tenemos contratados vigilantes privados,comgen_vecinos_medidas_privad,96,Sin dato,806,0.01,0.01,100
comgen,¿Cuál/es de las siguientes medidas ha adoptado en conjunto a las personas de su barrio / cuadra / block para sentirse más seguros/as,Otro elemento de seguridad,comgen_vecinos_medidas_otro,0,No,12677499,95.35,95.35,95.35
comgen,¿Cuál/es de las siguientes medidas ha adoptado en conjunto a las personas de su barrio / cuadra / block para sentirse más seguros/as,Otro elemento de seguridad,comgen_vecinos_medidas_otro,1,Sí,617753,4.65,4.65,99.99
comgen,¿Cuál/es de las siguientes medidas ha adoptado en conjunto a las personas de su barrio / cuadra / block para sentirse más seguros/as,Otro elemento de seguridad,comgen_vecinos_medidas_otro,96,Sin dato,806,0.01,0.01,100
comgen,¿Cuál/es de las siguientes medidas ha adoptado en conjunto a las personas de su barrio / cuadra / block para sentirse más seguros/as,No tenemos ninguna medida de seguridad,comgen_vecinos_medidas_na,0,No,10028700,75.43,75.43,75.43
comgen,¿Cuál/es de las siguientes medidas ha adoptado en conjunto a las personas de su barrio / cuadra / block para sentirse más seguros/as,No tenemos ninguna medida de seguridad,comgen_vecinos_medidas_na,1,Sí,3266553,24.57,24.57,99.99
comgen,¿Cuál/es de las siguientes medidas ha adoptado en conjunto a las personas de su barrio / cuadra / block para sentirse más seguros/as,No tenemos ninguna medida de seguridad,comgen_vecinos_medidas_na,96,Sin dato,806,0.01,0.01,100
comgen,¿Cuál/es de las siguientes medidas ha adoptado en conjunto a las personas de su barrio / cuadra / block para sentirse más seguros/as,No sabe,comgen_vecinos_medidas_ns,0,No,12923296,97.2,97.2,97.2
comgen,¿Cuál/es de las siguientes medidas ha adoptado en conjunto a las personas de su barrio / cuadra / block para sentirse más seguros/as,No sabe,comgen_vecinos_medidas_ns,1,Sí,371956,2.8,2.8,99.99
comgen,¿Cuál/es de las siguientes medidas ha adoptado en conjunto a las personas de su barrio / cuadra / block para sentirse más seguros/as,No sabe,comgen_vecinos_medidas_ns,96,Sin dato,806,0.01,0.01,100
comgen,¿Cuál/es de las siguientes medidas ha adoptado en conjunto a las personas de su barrio / cuadra / block para sentirse más seguros/as,No responde,comgen_vecinos_medidas_nr,0,No,13282341,99.9,99.9,99.9
comgen,¿Cuál/es de las siguientes medidas ha adoptado en conjunto a las personas de su barrio / cuadra / block para sentirse más seguros/as,No responde,comgen_vecinos_medidas_nr,1,Sí,12911,0.1,0.1,99.99
comgen,¿Cuál/es de las siguientes medidas ha adoptado en conjunto a las personas de su barrio / cuadra / block para sentirse más seguros/as,No responde,comgen_vecinos_medidas_nr,96,Sin dato,806,0.01,0.01,100
